"dep","N","P","re_dist","cell_id","cell"
0,150,3,"normal",1,"dep0.0_N150_P3_normal"
0.5,150,3,"normal",2,"dep0.5_N150_P3_normal"
1,150,3,"normal",3,"dep1.0_N150_P3_normal"
1.5,150,3,"normal",4,"dep1.5_N150_P3_normal"
0,300,3,"normal",5,"dep0.0_N300_P3_normal"
0.5,300,3,"normal",6,"dep0.5_N300_P3_normal"
1,300,3,"normal",7,"dep1.0_N300_P3_normal"
1.5,300,3,"normal",8,"dep1.5_N300_P3_normal"
0,600,3,"normal",9,"dep0.0_N600_P3_normal"
0.5,600,3,"normal",10,"dep0.5_N600_P3_normal"
1,600,3,"normal",11,"dep1.0_N600_P3_normal"
1.5,600,3,"normal",12,"dep1.5_N600_P3_normal"
0,150,5,"normal",13,"dep0.0_N150_P5_normal"
0.5,150,5,"normal",14,"dep0.5_N150_P5_normal"
1,150,5,"normal",15,"dep1.0_N150_P5_normal"
1.5,150,5,"normal",16,"dep1.5_N150_P5_normal"
0,300,5,"normal",17,"dep0.0_N300_P5_normal"
0.5,300,5,"normal",18,"dep0.5_N300_P5_normal"
1,300,5,"normal",19,"dep1.0_N300_P5_normal"
1.5,300,5,"normal",20,"dep1.5_N300_P5_normal"
0,600,5,"normal",21,"dep0.0_N600_P5_normal"
0.5,600,5,"normal",22,"dep0.5_N600_P5_normal"
1,600,5,"normal",23,"dep1.0_N600_P5_normal"
1.5,600,5,"normal",24,"dep1.5_N600_P5_normal"
1,300,5,"t4",25,"dep1.0_N300_P5_t4"
