"dep","N","P","re_dist","cell_id","cell","rep","seed","variant","true_prev","true_sens","true_spec","true_share_item","true_share_model","true_share_prompt","true_share_run","MV_prev","MV_acc","MV_brier","DS_prev","DS_sens","DS_spec","DS_acc","DS_brier","CRE_ok","CRE_prev","CRE_prev_lo","CRE_prev_hi","CRE_sens","CRE_sens_lo","CRE_sens_hi","CRE_spec","CRE_spec_lo","CRE_spec_hi","CRE_share_item","CRE_share_model","CRE_share_prompt","CRE_share_run","CRE_share_item_lo","CRE_share_item_hi","CRE_share_model_lo","CRE_share_model_hi","CRE_share_prompt_lo","CRE_share_prompt_hi","CRE_acc","CRE_brier","CRE_acc_nonanchor","CRE_brier_nonanchor","max_rhat","divergences","runtime_sec"
0,150,3,"normal",1,"dep0.0_N150_P3_normal",1,1001001,"e",0.266666666666667,0.809726093634148,0.785919909374446,0,0,0,1,0.266666666666667,1,0,0.266666640815375,0.804629390834832,0.793265868519626,1,1.01025272858634e-13,TRUE,0.270059516266667,0.204953397,0.34276273825,0.804115650637181,0.782067042704235,0.829274306014859,0.792392505660553,0.777327302583539,0.804517391555284,0.00716863073269192,0.0120742220263116,0.00604598261714041,0.974711164493333,1.1820366975e-05,0.0262797252,6.25730777e-05,0.03846494365,1.4421702e-05,0.02658130345,1,2.65346450106665e-07,1,2.65346450106665e-07,1.00629010811182,0,72.2021415233612
0,150,3,"normal",1,"dep0.0_N150_P3_normal",2,1001002,"e",0.26,0.828812576729892,0.832615772626556,0,0,0,1,0.26,1,0,0.26,0.815764112060779,0.82916227360694,1,1.40897128309223e-39,TRUE,0.263392426526667,0.1978449035,0.3343983485,0.816752027952397,0.79628785330146,0.842378457246361,0.829143488313121,0.812680720321436,0.84360897758944,0.00521247566398894,0.00445966652724796,0.0168188402119523,0.973509017746667,1.82315516e-05,0.02118899465,5.5934104125e-06,0.02149880205,4.7003698075e-05,0.05405374805,1,1.88901097484998e-12,1,1.88901097484998e-12,1.00520756550835,0,70.0014710426331
0,150,5,"normal",13,"dep0.0_N150_P5_normal",1,1013001,"e",0.34,0.802755328327251,0.815873840681046,0,0,0,1,0.34,1,0,0.34,0.803485683224401,0.819977375533109,1,7.58230505515491e-45,TRUE,0.342540660013333,0.269123023,0.4192910605,0.801552041597772,0.785894426202561,0.819967781792886,0.819569858258551,0.807151241749795,0.829764510059269,0.00189277771654565,0.00587460479476135,0.0223668740273206,0.969865743406667,1.820243915e-06,0.0083788068625,9.7125525925e-06,0.021945163675,0.00052636094775,0.0492004164249999,1,2.44695524551079e-21,1,2.44695524551079e-21,1.00795547815003,0,123.309942722321
0,150,5,"normal",13,"dep0.0_N150_P5_normal",2,1013002,"e",0.293333333333333,0.769169280773937,0.801380044776983,0,0,0,1,0.293333333333333,1,0,0.293333333333334,0.764646353535352,0.805450555974843,1,7.321431650305e-29,TRUE,0.296784310786667,0.22952578775,0.36888026075,0.76485295878711,0.744049537145287,0.782980937275069,0.806215009536139,0.794666176974988,0.816401729731942,0.00287562306836081,0.00276432386184531,0.00745582004616323,0.986904232913333,5.993631945e-06,0.012471177325,7.051478345e-06,0.01231165125,1.0437933605e-05,0.0278415573249999,1,3.71709726723927e-14,1,3.71709726723927e-14,1.01560289062425,0,109.588313102722
0,300,3,"normal",5,"dep0.0_N300_P3_normal",1,1005001,"e",0.25,0.821552167916136,0.794902227955733,0,0,0,1,0.25,1,0,0.249999867028706,0.8162962470241,0.790452563244836,1,5.33431393042899e-12,TRUE,0.252365458126667,0.20880311225,0.29935674775,0.816302955961873,0.796670309769666,0.832944214200929,0.790469406726646,0.779978720055155,0.801589111886261,0.00171302690571763,0.00850373247255461,0.00737988714436695,0.98240335348,1.2629790975e-06,0.0082716214475,2.115347715e-05,0.0296407803,7.4872017575e-06,0.026785554625,1,1.93949760964236e-07,1,1.93949760964236e-07,1.02626004091195,0,152.208283901215
0,300,3,"normal",5,"dep0.0_N300_P3_normal",2,1005002,"e",0.303333333333333,0.805880219771526,0.798668995697682,0,0,0,1,0.303333333333333,1,0,0.303333333341111,0.810744699619821,0.806840222045912,1,1.3845173460523e-20,TRUE,0.30514652018,0.25532124275,0.36235845275,0.808813971613994,0.793606551505489,0.822661415967232,0.807287647714026,0.795743137309528,0.818451341278195,0.00823077317855633,0.00818606414848855,0.00858671737400638,0.974996445226667,6.6466881125e-05,0.024364432825,2.94306536e-05,0.026993091425,1.3425821175e-05,0.029603654025,1,4.63594156209133e-08,1,4.63594156209133e-08,1.05238902574784,0,172.623600959778
0,300,5,"normal",17,"dep0.0_N300_P5_normal",1,1017001,"e",0.296666666666667,0.802309847893451,0.842966763008352,0,0,0,1,0.296666666666667,1,0,0.296666666666667,0.805992309363296,0.844760266877304,1,4.74737130975475e-54,TRUE,0.29761012144,0.24704687425,0.34899753725,0.805401801006895,0.795179485641588,0.817812265339351,0.845015854883808,0.836290123060293,0.852467796173244,0.00281615008559146,0.00453645532194077,0.00391845218621725,0.9887289425,4.095637735e-06,0.010656253475,6.8581783325e-06,0.018371025625,7.0854586725e-06,0.015711266125,1,9.36346989270076e-20,1,9.36346989270076e-20,1.01476976114452,0,291.293640136719
0,600,3,"normal",9,"dep0.0_N600_P3_normal",1,1009001,"e",0.286666666666667,0.78957519383975,0.855254730922112,0,0,0,1,0.286666666666667,1,0,0.286666666666393,0.795650190353338,0.853236191761684,1,4.49544128220369e-23,TRUE,0.287880317066667,0.2535372685,0.3230064615,0.793964146472717,0.782507818213343,0.805020439223076,0.853263475138965,0.847329281631316,0.859812461967091,0.00217322895538282,0.00499542625576687,0.00297374228559378,0.989857602466667,2.7129121175e-06,0.00946190230249999,9.18631992e-06,0.01915062935,6.39633521e-06,0.0133041034,1,2.88026906059705e-13,1,2.88026906059705e-13,1.00627706772439,0,560.874438524246
0,600,5,"normal",21,"dep0.0_N600_P5_normal",1,1021001,"e",0.298333333333333,0.800247029652445,0.831819407529555,0,0,0,1,0.298333333333333,1,0,0.298333333333333,0.792799392302917,0.830192596305094,1,2.54384984991044e-33,TRUE,0.299004267973333,0.26306088175,0.3380147085,0.792213637215782,0.783171143098659,0.800698706011232,0.830224851959499,0.824413609892611,0.835154448639288,0.00100542726886565,0.00150992172291229,0.00454433301713562,0.99294031796,1.59780333e-06,0.0042634034825,2.8498201325e-06,0.00620525485749999,7.803799105e-06,0.0167960735,1,1.56369528006007e-20,1,1.56369528006007e-20,1.01357419480279,0,632.939413309097
0.5,150,3,"normal",2,"dep0.5_N150_P3_normal",1,1002001,"e",0.286666666666667,0.702205027946683,0.863697344507639,0.0664475115449109,0.042526407388743,0.0166118778862277,0.874414203180118,0.26,0.973333333333333,0.0266666666666667,0.27992222516879,0.697554189559645,0.849744046671831,0.98,0.0195041469325879,TRUE,0.284718468193333,0.2140318805,0.35898394075,0.687861229982236,0.647016439719975,0.723021985298754,0.848276551550055,0.826002638568563,0.865567383661438,0.0532347162801787,0.0347632849372376,0.0222703169410692,0.88973168178,0.010117025125,0.1014076375,0.0012558057925,0.07807912465,9.4679285975e-05,0.0619224967999999,0.98,0.0181936156680422,0.98,0.0181936156680422,1.02044995959288,0,59.0152697563171
0.5,150,3,"normal",2,"dep0.5_N150_P3_normal",2,1002002,"e",0.246666666666667,0.718238456811911,0.82599115967739,0.0664475115449109,0.042526407388743,0.0166118778862277,0.874414203180118,0.226666666666667,0.98,0.02,0.264741738590061,0.677534660194003,0.832579198561496,0.966666666666667,0.0287962909062009,TRUE,0.2538423998,0.18688300375,0.3296111145,0.683423403582551,0.629088665410625,0.735931926931,0.825283437017404,0.80210156990316,0.844147540837372,0.0697045563543733,0.0462102807386933,0.0116142064438322,0.87247095646,0.027430618725,0.116489425,0.0047162224125,0.089572896075,6.934006285e-05,0.0433395741749999,0.986666666666667,0.00969290561385914,0.986666666666667,0.00969290561385914,1.01797807834281,0,83.5662624835968
0.5,150,5,"normal",14,"dep0.5_N150_P5_normal",1,1014001,"e",0.326666666666667,0.806130994649728,0.836761550680103,0.0664475115449109,0.042526407388743,0.0166118778862277,0.874414203180118,0.313333333333333,0.986666666666667,0.0133333333333333,0.32666666666364,0.775963652155801,0.842024046862835,1,7.33748668113343e-21,TRUE,0.324060211153333,0.24917889175,0.40449506525,0.774496247087468,0.740726894092966,0.80573562697183,0.837379671271208,0.81702767226392,0.856501635364242,0.0900947989906667,0.03388290437174,0.0109059108453575,0.865116385733333,0.058808556025,0.1268587145,0.0094594118225,0.060551538825,4.3631884575e-05,0.036588637375,1,0.00296429392889638,1,0.00296429392889638,1.03824908193097,0,111.23148226738
0.5,150,5,"normal",14,"dep0.5_N150_P5_normal",2,1014002,"e",0.233333333333333,0.770817266091125,0.830314113890175,0.0664475115449109,0.042526407388743,0.0166118778862277,0.874414203180118,0.22,0.986666666666667,0.0133333333333333,0.233327715735417,0.761276221283815,0.832461324578874,1,4.73517812762781e-09,TRUE,0.23461413854,0.1716717675,0.30378308875,0.756183615313641,0.698905786799588,0.797738118182527,0.830876885090487,0.814336931367026,0.84637963894808,0.068275927576,0.054726934068,0.00457406777691426,0.87242307048,0.039320871125,0.10478529425,0.026223852675,0.086683142675,9.058784915e-06,0.01910076105,1,0.00172111068535839,1,0.00172111068535839,1.02019294049039,0,114.559209108353
0.5,300,3,"normal",6,"dep0.5_N300_P3_normal",1,1006001,"e",0.313333333333333,0.734274931166901,0.794383716767443,0.0664475115449109,0.042526407388743,0.0166118778862277,0.874414203180118,0.296666666666667,0.976666666666667,0.0233333333333333,0.299327661356655,0.774932945898197,0.791182325586779,0.98,0.0191751556507128,TRUE,0.296716445946667,0.24737584125,0.3504774515,0.77141701112728,0.742804248038114,0.799403389143551,0.787965115242715,0.774677868516176,0.803275146185364,0.063128550854,0.0351702584046533,0.0218794257813465,0.879821765033333,0.0322066278,0.095291766625,0.00714580228,0.06527682315,0.0004141712435,0.049716434925,0.98,0.0181381563091531,0.98,0.0181381563091531,1.03162868882837,0,265.145370006561
0.5,300,3,"normal",6,"dep0.5_N300_P3_normal",2,1006002,"e",0.303333333333333,0.779221582618493,0.871964394928804,0.0664475115449109,0.042526407388743,0.0166118778862277,0.874414203180118,0.3,0.99,0.01,0.306666486176177,0.770128907028146,0.863959853722639,0.996666666666667,0.00333312796327576,TRUE,0.302359060606667,0.25190360125,0.357663666,0.770383559282609,0.748489024677995,0.795833355090829,0.860228863036098,0.848519790461574,0.870616901580362,0.0747316357986667,0.0236780562017093,0.0295425773533871,0.872047730826667,0.040102410525,0.10973406125,0.000566633071,0.056861037875,0.0029528592725,0.0637737055749999,0.996666666666667,0.00263498796423004,0.996666666666667,0.00263498796423004,1.06828179674174,0,164.803767442703
0.5,300,5,"normal",18,"dep0.5_N300_P5_normal",1,1018001,"e",0.316666666666667,0.763469242613021,0.855386251304409,0.0664475115449109,0.042526407388743,0.0166118778862277,0.874414203180118,0.31,0.993333333333333,0.00666666666666667,0.313333332561184,0.762411281413771,0.848004247898036,0.996666666666667,0.0033333333329923,TRUE,0.316362272533333,0.26528389775,0.37139332325,0.757237734079807,0.732311579967597,0.77749653183648,0.848432006625927,0.834085101092742,0.86087134797055,0.0500230899113333,0.068391313486,0.0184127427426131,0.8631728538,0.0293392658,0.073310201725,0.0461145579,0.09367514665,0.001175571545,0.039773247125,0.996666666666667,0.00427845333279031,0.996666666666667,0.00427845333279031,1.0131371127253,0,272.558232545853
0.5,600,3,"normal",10,"dep0.5_N600_P3_normal",1,1010001,"e",0.253333333333333,0.770276978234809,0.810019641947094,0.0664475115449109,0.042526407388743,0.0166118778862277,0.874414203180118,0.251666666666667,0.991666666666667,0.00833333333333333,0.252807192087281,0.775552585692552,0.811248871476099,0.993333333333333,0.00676796401242556,TRUE,0.25494430166,0.21947160475,0.29222860075,0.767335146216942,0.744507834186989,0.784715290310599,0.811132831415775,0.800681112706357,0.821147302782506,0.0751025770066667,0.02238952479066,0.0122555614359932,0.890252336693333,0.054593234225,0.0965630898,0.0047542518175,0.04091747515,0.00013532684425,0.032313185975,0.99,0.00603495669131125,0.99,0.00603495669131125,1.02239441049975,0,539.044748544693
1,150,3,"normal",3,"dep1.0_N150_P3_normal",1,1003001,"e",0.34,0.702286306625539,0.801934775839901,0.193055107618421,0.12355526887579,0.0482637769046053,0.635125846601184,0.286666666666667,0.92,0.08,0.299479889877716,0.770926424809423,0.804396372709478,0.946666666666667,0.0533133956506964,TRUE,0.297496459706667,0.21819907575,0.38834957025,0.731901604876645,0.667440944728944,0.78437791277411,0.784661630214527,0.742725684751067,0.824076763033228,0.211139794897333,0.136351896255333,0.031452911490604,0.621055397313333,0.13347392625,0.30444937175,0.08745340965,0.19327651,0.0019856653225,0.0677267368749999,0.96,0.0367691819401371,0.96,0.0367691819401371,1.06135126474422,0,73.4815423488617
1,150,3,"normal",3,"dep1.0_N150_P3_normal",2,1003002,"e",0.32,0.740995302022297,0.788604037269182,0.193055107618421,0.12355526887579,0.0482637769046053,0.635125846601184,0.326666666666667,0.873333333333333,0.126666666666667,0.301753213470306,0.775414269539182,0.777090470424303,0.886666666666667,0.112823785745157,TRUE,0.275451399472,0.084889087375,0.7066442045,0.672154352080265,0.427344455769969,0.852266668918754,0.706412380821194,0.627848684469516,0.791618316239795,0.325249681593333,0.0937519172,0.0329798027951733,0.548018598366667,0.20208606375,0.461459513,0.0523895759,0.1396537985,0.00737529973,0.063498252275,0.873333333333333,0.0941814729858254,0.873333333333333,0.0941814729858254,1.31250257431043,0,80.4681916236877
1,150,5,"normal",15,"dep1.0_N150_P5_normal",1,1015001,"e",0.293333333333333,0.695426661301366,0.817879712541524,0.193055107618421,0.12355526887579,0.0482637769046053,0.635125846601184,0.246666666666667,0.94,0.06,0.286129225621664,0.72874447088525,0.84673572638883,0.94,0.0582147562871616,TRUE,0.281461903646667,0.215413976,0.35514579925,0.725582008479956,0.65798123137289,0.779010104072325,0.841344494409483,0.806668293344877,0.862310679781741,0.113994184216,0.181482172273333,0.0615396104986667,0.642984033426667,0.060285335,0.1752148455,0.1349940355,0.23391192425,0.03508908245,0.0906331127,0.96,0.0450877829775575,0.96,0.0450877829775575,1.10995680601562,1,103.694888353348
1,150,5,"normal",15,"dep1.0_N150_P5_normal",2,1015002,"e",0.366666666666667,0.732930512550703,0.771321475202115,0.193055107618421,0.12355526887579,0.0482637769046053,0.635125846601184,0.38,0.92,0.08,0.420310409128546,0.728884752728944,0.838205991288946,0.906666666666667,0.093301629096751,TRUE,0.43881908504,0.3573339835,0.51789863825,0.706808245430338,0.671973894870957,0.738599332414928,0.840940198772152,0.817590114342346,0.86325440603085,0.127470224844,0.106835086087333,0.0428698046213333,0.722824884373333,0.08428538585,0.184265958,0.0742448475,0.1434035485,0.01746896175,0.069147335925,0.906666666666667,0.0959185611401815,0.906666666666667,0.0959185611401815,1.03601966219603,0,104.338154315948
1,300,3,"normal",7,"dep1.0_N300_P3_normal",1,1007001,"e",0.306666666666667,0.701159974417143,0.802983469339434,0.193055107618421,0.12355526887579,0.0482637769046053,0.635125846601184,0.296666666666667,0.936666666666667,0.0633333333333333,0.331729822973923,0.729776636334505,0.852192232206616,0.926666666666667,0.0681163627112413,TRUE,0.33874285542,0.27665789525,0.4015548075,0.696086833656113,0.636797373611583,0.751618867534972,0.839412470013869,0.815384534100066,0.861916085759322,0.172186569232,0.133264912897333,0.0370207913598313,0.657527726686667,0.1153922345,0.24844898925,0.098280580875,0.172787155,0.01255121465,0.063720431825,0.93,0.0551448195270169,0.93,0.0551448195270169,1.11015129049613,5,155.865081310272
1,300,3,"normal",7,"dep1.0_N300_P3_normal",2,1007002,"e",0.286666666666667,0.711925668661374,0.806115485878263,0.193055107618421,0.12355526887579,0.0482637769046053,0.635125846601184,0.263333333333333,0.923333333333333,0.0766666666666667,0.271493207541015,0.765031413940167,0.829073124546085,0.93,0.0700423578042458,TRUE,0.278839512086667,0.2238275555,0.340667091,0.727170521505846,0.682563297049166,0.766158748218494,0.82264173413002,0.801422650868328,0.840689561805576,0.150871865476667,0.130044437427333,0.0527874427293333,0.666296254433333,0.100354213,0.2093940465,0.09697924675,0.1648747515,0.029393614525,0.081395709,0.933333333333333,0.0567939832351635,0.933333333333333,0.0567939832351635,1.0587220844988,1,141.930866718292
1,300,5,"normal",19,"dep1.0_N300_P5_normal",1,1019001,"e",0.283333333333333,0.685424087158224,0.814847155494204,0.193055107618421,0.12355526887579,0.0482637769046053,0.635125846601184,0.243333333333333,0.913333333333333,0.0866666666666667,0.319721440039531,0.648606296918153,0.863404509795527,0.916666666666667,0.0826609689834703,TRUE,0.324850506646667,0.27364018325,0.38060124625,0.632083646871342,0.593513205235969,0.667874357695976,0.856800002213314,0.842909694496088,0.871823254180795,0.137554285524,0.124555052270667,0.0548659653206667,0.683024696586667,0.09968127925,0.1812739365,0.097480641825,0.154480168,0.0364326547,0.074572973,0.926666666666667,0.0669849667419597,0.926666666666667,0.0669849667419597,1.02270557001352,0,300.525569677353
1,300,5,"t4",25,"dep1.0_N300_P5_t4",1,1025001,"e",0.316666666666667,0.708558928065354,0.734911988618203,0.193055107618421,0.12355526887579,0.0482637769046053,0.635125846601184,0.346666666666667,0.876666666666667,0.123333333333333,0.372634672235291,0.72261576840398,0.782531804972656,0.876666666666667,0.122059803207032,TRUE,0.366363604706667,0.305840552,0.427746589,0.712018513841122,0.676798330595264,0.744463229477789,0.768648311871117,0.747660672121927,0.793740049917915,0.130055912316,0.118225421802,0.0674818192106667,0.68423684656,0.0892257924,0.1760405715,0.096210531075,0.145127172,0.049355272375,0.08649173345,0.87,0.096666740802416,0.87,0.096666740802416,1.12701822886269,0,294.086850404739
1,600,3,"normal",11,"dep1.0_N600_P3_normal",1,1011001,"e",0.278333333333333,0.671647547702979,0.782793039016787,0.193055107618421,0.12355526887579,0.0482637769046053,0.635125846601184,0.288333333333333,0.876666666666667,0.123333333333333,0.378864943678784,0.654149264845636,0.829654195414364,0.866666666666667,0.122325528153468,TRUE,0.314538596566667,0.25751769375,0.377570803,0.64267358483149,0.585667587840187,0.684900821366852,0.779684942298118,0.757094648040236,0.800492952783474,0.211644640966667,0.119198267706,0.0319845482911333,0.63717254288,0.16569122575,0.2647966545,0.09720466245,0.142414092,0.016649644125,0.04974945925,0.905,0.0661740535668931,0.905,0.0661740535668931,1.10629604517636,0,606.252430677414
1.5,150,3,"normal",4,"dep1.5_N150_P3_normal",1,1004001,"e",0.333333333333333,0.70074332183783,0.727385695998505,0.298314794520285,0.190921468492982,0.0745786986300712,0.436185038356662,0.34,0.793333333333333,0.206666666666667,0.363314618062801,0.729674764155305,0.817209584533811,0.8,0.198552885389874,TRUE,0.380594265930067,0.0206528507,0.94691718,0.501591657396198,0.343498325908694,0.839300759644151,0.673272390313808,0.573032072703281,0.824142571314212,0.4398812241,0.143277608885333,0.0510083633346667,0.36583280382,0.32609456,0.5327336785,0.09886742445,0.198963086,0.024368146725,0.0830950856499999,0.76,0.175384583841684,0.76,0.175384583841684,1.05284819155578,9,100.176687479019
1.5,150,3,"normal",4,"dep1.5_N150_P3_normal",2,1004002,"e",0.32,0.66377210732018,0.72750609581755,0.298314794520285,0.190921468492982,0.0745786986300712,0.436185038356662,0.373333333333333,0.786666666666667,0.213333333333333,0.396737470156347,0.739347789744995,0.796978075519414,0.78,0.21311174787508,TRUE,0.447763962946667,0.310315259,0.78238301525,0.667403168761702,0.472309894128608,0.761707722003999,0.776501210457718,0.709051758446399,0.834749681073789,0.174658982908667,0.211301028086667,0.113627220422,0.500412768533333,0.055721400825,0.35882460625,0.14404019175,0.2817226445,0.0710227615,0.16519401825,0.773333333333333,0.167280654445999,0.773333333333333,0.167280654445999,1.42544219714729,0,81.102518081665
1.5,150,5,"normal",16,"dep1.5_N150_P5_normal",1,1016001,"e",0.36,0.715319072931624,0.729255937077053,0.298314794520285,0.190921468492982,0.0745786986300712,0.436185038356662,0.36,0.866666666666667,0.133333333333333,0.448251622145829,0.703306375651431,0.835134931106698,0.846666666666667,0.152613410679198,TRUE,0.423752626813333,0.33430204375,0.52072210425,0.699014782048766,0.617293696598295,0.756318606134382,0.810762031112247,0.773246642074563,0.846200746679289,0.179917707682,0.23716191592,0.0995042141813333,0.483416162233333,0.1101961545,0.2620823885,0.1875263435,0.2915627695,0.070250115425,0.132597948,0.873333333333333,0.106815312029933,0.873333333333333,0.106815312029933,1.16439916135113,0,130.353660583496
1.5,300,3,"normal",8,"dep1.5_N300_P3_normal",1,1008001,"e",0.32,0.641725042728732,0.696845006103601,0.298314794520285,0.190921468492982,0.0745786986300712,0.436185038356662,0.403333333333333,0.71,0.29,0.44160353005578,0.696580646433959,0.791214549687125,0.69,0.298782385826706,TRUE,0.41223089828552,0.012334498325,0.950849538,0.486929439552659,0.343636360684627,0.718778569265749,0.614248383503705,0.531532624818353,0.717894806301678,0.374460115526667,0.148939645379333,0.0663390929126667,0.410261145993333,0.308876186,0.437508548,0.11642024975,0.1847375875,0.04613563775,0.089120010925,0.726666666666667,0.206857076053835,0.726666666666667,0.206857076053835,1.05170845338388,23,277.179045438766
1.5,300,3,"normal",8,"dep1.5_N300_P3_normal",2,1008002,"e",0.326666666666667,0.660081486086128,0.77622081680367,0.298314794520285,0.190921468492982,0.0745786986300712,0.436185038356662,0.346666666666667,0.86,0.14,0.414465451060577,0.716834840236725,0.865594167371793,0.83,0.168503010786396,TRUE,0.389218594741333,0.14796785375,0.74993379675,0.585688321414012,0.364924892935121,0.794363005666484,0.725611994322715,0.610388258481871,0.839389388781345,0.438474836353333,0.143338010608,0.0507439206953333,0.367443232333333,0.2673080505,0.56493047025,0.0942364439,0.19903632425,0.02939474455,0.0789327515499999,0.83,0.129127356563938,0.83,0.129127356563938,1.49391674712751,0,161.075281143188
1.5,300,5,"normal",20,"dep1.5_N300_P5_normal",1,1020001,"e",0.333333333333333,0.674058032343625,0.725080382268545,0.298314794520285,0.190921468492982,0.0745786986300712,0.436185038356662,0.376666666666667,0.756666666666667,0.243333333333333,0.454602283910385,0.68190765964092,0.82193850696946,0.726666666666667,0.271354256634927,TRUE,0.494498450286667,0.41641026975,0.573554179,0.610277461262171,0.55552809155613,0.659106966266156,0.795446713993646,0.726767585723201,0.830437171021536,0.2307318626,0.1978282838,0.089783878154,0.481655975446667,0.14955450525,0.34284609975,0.15856735575,0.238469621,0.067305417,0.11046436325,0.736666666666667,0.210833205527282,0.736666666666667,0.210833205527282,1.51085530860979,0,361.645863056183
1.5,600,3,"normal",12,"dep1.5_N600_P3_normal",1,1012001,"e",0.296666666666667,0.707933286198648,0.746908650364983,0.298314794520285,0.190921468492982,0.0745786986300712,0.436185038356662,0.335,0.851666666666667,0.148333333333333,0.385127619515315,0.715860576139663,0.839202044555813,0.835,0.156490915201033,TRUE,0.374669372066667,0.3025119335,0.43777935075,0.664778924050892,0.615573826649664,0.71411494031356,0.799374484422776,0.754052602302956,0.834297317583724,0.237143302546667,0.212277252733333,0.0743491086453333,0.476230336053333,0.15566521825,0.33975445175,0.17206724725,0.2527407385,0.053681225525,0.0957731152249999,0.856666666666667,0.110905744397414,0.856666666666667,0.110905744397414,1.56338500426103,0,546.445127248764
