"cell_id","cell","dep","N","P","re_dist","variant","n_reps","n_cre_ok","MV_prev_bias","MV_prev_rmse","DS_prev_bias","DS_prev_rmse","CRE_prev_bias","CRE_prev_rmse","DS_sens_bias","DS_sens_rmse","CRE_sens_bias","CRE_sens_rmse","DS_spec_bias","DS_spec_rmse","CRE_spec_bias","CRE_spec_rmse","MV_acc","DS_acc","CRE_acc","MV_brier","DS_brier","CRE_brier","CRE_acc_nonanchor","CRE_brier_nonanchor","CRE_cov_prev","CRE_cov_sens","CRE_cov_spec","CRE_cov_share_item","CRE_cov_share_model","CRE_cov_share_prompt","share_item_bias","share_model_bias","share_prompt_bias","share_run_bias","share_item_rmse","share_model_rmse","share_prompt_rmse","frac_rhat_gt_1.05","mean_divergences","mean_runtime_min","flag_rhat","estimation"
1,"dep0.0_N150_P3_normal",0,150,3,"normal","e",100,100,-0.000533333333333333,0.0023094010767585,-0.000131386189571509,0.00133349865687478,0.00265280833686666,0.00298827384951719,-0.00055440894258196,0.0111330827856378,-0.00210404413774797,0.0116291115199429,0.000441235330731162,0.00620479169936622,0.000540123906644011,0.00613474035319875,0.999333333333333,0.999733333333333,0.9998,0.000666666666666667,0.000266732250159232,0.000199319374561495,0.9998,0.000199319374561495,1,0.93,0.96,NA,NA,NA,0.00483448408936968,0.00890184528962138,0.00854112206621227,-0.022277451433,0.00548856203113721,0.0106504847881378,0.00982777197172554,0,0.45,1.09953370388349,FALSE,"sampled theta"
2,"dep0.5_N150_P3_normal",0.5,150,3,"normal","e",100,100,-0.00473333333333333,0.0180739222823013,0.00435597346902672,0.0112696191790654,0.00233410178521333,0.00962478270406273,-0.000363130965161967,0.022643892299836,-0.00392766641339821,0.0233323030218918,0.00231039579524259,0.0111087529044935,-0.00228306110547975,0.0114092414337482,0.9806,0.985,0.9866,0.0194,0.0143627701677656,0.010214152303543,0.9866,0.010214152303543,1,0.89,0.93,0.92,0.95,0.97,0.00131066994605437,-0.000187181848194672,0.0066644645912944,-0.00778795269398498,0.0229093569352793,0.0202014786746735,0.0160041494154601,0.05,0.29,1.13041744029522,FALSE,"sampled theta"
5,"dep0.0_N300_P3_normal",0,300,3,"normal","e",100,100,-0.000466666666666666,0.0019436506316151,0.000130524792561373,0.000858403975266154,0.0013741133668,0.0015457132884464,-0.00130211477821545,0.00859313086739561,-0.00210320796193102,0.00881619156392032,0.00108499518900172,0.00492707119771186,0.00114478512961893,0.00508034500986076,0.999266666666667,0.999833333333333,0.9999,0.000733333333333333,0.000135049005799416,7.58574453971086e-05,0.9999,7.58574453971086e-05,1,0.93,0.94,NA,NA,NA,0.00320292436556058,0.00553853723737227,0.00533660057701348,-0.0140780621807333,0.0037539352298524,0.00648611347136726,0.00597494888182539,0.01,0.34,2.70403059188525,FALSE,"sampled theta"
6,"dep0.5_N300_P3_normal",0.5,300,3,"normal","e",100,100,-0.00343333333333334,0.0141067359796659,0.00284557308364761,0.00917808497913072,0.000905334347199996,0.00691443175866001,0.00172165929506203,0.0167067120796181,-0.00196263295328392,0.0154829640072738,0.00235210436785492,0.00856894971759389,-0.000926236438193105,0.00856870047253728,0.9819,0.9867,0.988066666666667,0.0181,0.0122820616571751,0.00908589114503742,0.988066666666667,0.00908589114503742,1,0.9,0.9,0.95,0.89,0.98,0.00135859119754966,-0.00139210233559615,-0.000549516767479168,0.000583027927081691,0.0161623399210613,0.0176790861181373,0.00935571699584528,0.13,0.24,2.72958090782166,TRUE,"sampled theta"
9,"dep0.0_N600_P3_normal",0,600,3,"normal","e",100,100,-7e-04,0.00248327740429189,-2.63589711418794e-05,0.000543415444841006,0.000636456948466669,0.000879987968481918,0.00094577662961724,0.00514663896904404,0.000281132298647635,0.00519169147583933,0.00015353749367173,0.00335063811332239,0.000301148725054029,0.00333833303643457,0.9991,0.999733333333333,0.9998,9e-04,0.000211226007607359,0.000167597474324791,0.9998,0.000167597474324791,1,0.97,0.93,NA,NA,NA,0.00220769501488595,0.00417724432540102,0.0040970464687738,-0.0104819858084667,0.00246402983285421,0.00463718055102498,0.00474476407277588,0.02,0.23,7.49765017819405,FALSE,"sampled theta"
10,"dep0.5_N600_P3_normal",0.5,600,3,"normal","e",100,100,-0.00473333333333333,0.0121723730910068,0.00316146174814042,0.00796109342425245,0.000389160294533334,0.00407709280302913,0.000228210793979682,0.00938964402633483,-0.00313507083303666,0.00994622602094039,0.00209216251273449,0.007396339042479,-0.000723150609368362,0.0065646171092216,0.982133333333333,0.986416666666667,0.988883333333333,0.0178666666666667,0.0121294725552832,0.00891818847336526,0.988883333333333,0.00891818847336526,1,0.94,0.85,0.93,0.95,0.92,-2.90815921242558e-05,-0.000375467673094637,-0.00051277739372416,0.000917326662281691,0.0112001553540593,0.00976709377825781,0.00848024017082015,0.17,0.79,7.54188769563039,TRUE,"sampled theta"
13,"dep0.0_N150_P5_normal",0,150,5,"normal","e",100,100,0,0,1.76158504450186e-12,1.73137236512876e-11,0.0026502096732,0.00277275306372213,-3.45766463194763e-05,0.00892492627450085,-0.00100255119568586,0.00907315709079669,-5.60331670446335e-05,0.00507332760460838,2.4510019715227e-05,0.00506067619919635,1,1,1,0,4.49658448529565e-20,2.92151802052797e-10,1,2.92151802052797e-10,1,0.94,0.94,NA,NA,NA,0.00325432982769384,0.00526238409029958,0.00723042240709388,-0.0157471363376,0.00385922047755094,0.0065698602409579,0.00816986591299692,0,0,1.79207254811128,FALSE,"sampled theta"
14,"dep0.5_N150_P5_normal",0.5,150,5,"normal","e",100,100,-0.0016,0.00914087280053472,0.00390224284504676,0.00947403343082395,0.00371729547453333,0.00829357076722273,-0.000474928045739357,0.0177035497643258,-0.00359354322974013,0.017899847737178,0.00204044794818946,0.00972289764923493,-0.000417590528165389,0.0092804464763221,0.989466666666667,0.991933333333333,0.993666666666667,0.0105333333333333,0.00798690294877278,0.00602082651028105,0.993666666666667,0.00602082651028105,1,0.95,0.93,0.97,0.95,0.95,0.0037483004668422,-0.00275067002590221,0.000958974089651074,-0.00195660453238497,0.01547258236519,0.0159351936245604,0.0110828191668518,0.18,0,1.80244478436311,TRUE,"sampled theta"
17,"dep0.0_N300_P5_normal",0,300,5,"normal","e",100,100,0,0,-5.37900919200252e-07,5.40565572131187e-06,0.00140255889913333,0.001486301101774,-0.00150278019429664,0.00636986255531052,-0.00218122195891885,0.00658913961304176,-0.000368335948439134,0.00346661637407696,-0.000272381234347243,0.0035721721004985,1,1,1,0,8.76948796493025e-09,9.5735591358761e-08,1,9.5735591358761e-08,1,0.95,0.96,NA,NA,NA,0.00202538266467531,0.00344117249932651,0.00511384085798044,-0.0105803960224667,0.00260782346940597,0.00392990209961452,0.00616039859045125,0.01,0.03,4.42130977920691,FALSE,"sampled theta"
18,"dep0.5_N300_P5_normal",0.5,300,5,"normal","e",100,100,-0.00383333333333333,0.00882546819658249,0.00185958236052371,0.00617244400047807,0.00144266281986667,0.00555919190868056,0.000957497052149535,0.0140639205007296,-0.00240147658828671,0.0137905387294264,0.00261097311855515,0.00755825396870786,0.00106130914751089,0.00703693624266572,0.988233333333333,0.991333333333333,0.9926,0.0117666666666667,0.00832574157314628,0.00636737090641693,0.9926,0.00636737090641693,1,0.9,0.95,0.94,0.93,0.95,-0.000207700852850256,0.00128372855469039,-0.00131424141034415,0.000238213711548361,0.0110594713240821,0.0100626760270916,0.00813545179085633,0.19,0.04,4.57004435896873,TRUE,"sampled theta"
21,"dep0.0_N600_P5_normal",0,600,5,"normal","e",100,100,-1e-04,0.000408248290463863,3.92474853395108e-07,4.23079823662315e-06,0.000682202558733333,0.000790129194881492,-0.000902169053910328,0.00437072350307107,-0.00137937727761483,0.00447986553077101,0.000125619798264012,0.00246473696217265,0.000275138187664941,0.0024521571778288,0.9999,1,1,1e-04,1.07376327703769e-08,1.02610559572592e-06,1,1.02610559572592e-06,1,0.96,0.96,NA,NA,NA,0.00138596067900503,0.00241416251484694,0.00331866645836311,-0.00711878964966666,0.00171263548339248,0.00284290922286838,0.00385077672646735,0.03,0.16,11.8772594328324,FALSE,"sampled theta"
22,"dep0.5_N600_P5_normal",0.5,600,5,"normal","e",100,100,-0.00461666666666667,0.00863294722431325,0.000868953197001002,0.00420428234324397,0.000632637866000001,0.00401246259049241,-0.00033601360227132,0.00908678206722325,-0.00388262549009825,0.00992893311800795,0.000902693114807513,0.00583569264806287,-0.000267860286674666,0.00584511755595633,0.987983333333333,0.99185,0.992433333333333,0.0120166666666667,0.00769618435738868,0.00658447053909811,0.992433333333333,0.00658447053909811,1,0.88,0.9,0.95,0.95,0.95,0.000203962583069077,0.000767804098343668,0.000324472620410997,-0.00129623929651831,0.00733991328197565,0.00608686076744698,0.00640459580138095,0.2,0.01,12.1613863619566,TRUE,"sampled theta"
3,"dep1.0_N150_P3_normal",1,150,3,"normal","q",100,100,0.0160666666666667,0.0433845850760639,0.0534232110169711,0.0716015772553205,0.0179254893526208,0.0627728248702811,-0.00237842851540644,0.0407162379507934,-0.0432402566963137,0.0839684662444708,0.0411136875402739,0.0474834390043578,-0.0153548932483954,0.0331122849873157,0.900333333333333,0.893466666666667,0.907733333333333,0.0996666666666667,0.103498387225822,0.0715653270061332,0.907733333333333,0.0715653270061332,1,0.89,0.94,0.91,0.94,0.97,0.0433220474440226,-0.00747653854206134,0.000959345746271447,-0.0368048546746837,0.0770510267323839,0.0280471326525373,0.0175526046653636,0.2,0.01,2.9577701605161,TRUE,"quadrature"
4,"dep1.5_N150_P3_normal",1.5,150,3,"normal","q",100,100,0.0452666666666667,0.0650094010295605,0.102846798830775,0.119693027653424,0.0653604810443139,0.110285021977608,0.0255889105535707,0.0487612087756247,-0.0882378089097146,0.120998929097189,0.0902072985162199,0.0959065226754603,-0.0277336690669752,0.046823885138181,0.808066666666667,0.791933333333333,0.807933333333333,0.191933333333333,0.203345803232634,0.144376324934837,0.807933333333333,0.144376324934837,1,0.96,0.95,0.95,0.91,0.96,0.048036419044382,-0.0169447923538489,-0.00208106270632183,-0.0290105639938287,0.0858891019334766,0.0347764826288211,0.0178086041063191,0.45,0.04,3.98986929094791,TRUE,"quadrature"
7,"dep1.0_N300_P3_normal",1,300,3,"normal","q",100,100,0.0134666666666667,0.0317700068198503,0.0468920565706583,0.0587176434117528,0.00560801458538633,0.053259493939069,0.00295990038210364,0.0310354086238878,-0.0226838535267429,0.0547038245332689,0.0351880589680075,0.0395090336273206,-0.0109728585945695,0.0277626186548039,0.901733333333333,0.895166666666667,0.9093,0.0982666666666667,0.099621014626786,0.0662619320474815,0.9093,0.0662619320474815,0.96,0.91,0.87,0.92,0.93,0.96,0.0210117105407453,-0.00295838571892301,0.000164957330460047,-0.018218282136017,0.053071625863355,0.019033533334617,0.0126118618194509,0.06,0.04,7.28474014846484,FALSE,"quadrature"
8,"dep1.5_N300_P3_normal",1.5,300,3,"normal","q",100,100,0.0532,0.0641387385109637,0.106923734197256,0.116434356301565,0.0378009211376454,0.0885761935618386,0.0266654413991187,0.0410299789161419,-0.0532648382689788,0.0831794718403229,0.0925260687571345,0.0957728409162054,-0.0166456534163084,0.0382435541671544,0.812133333333333,0.794533333333333,0.821266666666667,0.187866666666667,0.19874784207377,0.128927075355667,0.821266666666667,0.128927075355667,0.99,0.98,0.97,0.94,0.92,0.9,0.0371644728275987,-0.0147118384557656,-0.00234643966517116,-0.0201061947059954,0.0716551747250151,0.0283432641677607,0.0156873810829052,0.42,0.25,9.37214508537451,TRUE,"quadrature"
11,"dep1.0_N600_P3_normal",1,600,3,"normal","q",100,100,0.0179,0.0351718005731233,0.0523921417858462,0.0605506193880682,0.00561230841545,0.0518538372113485,-0.00152314389423266,0.0185597842960654,-0.0196928914700593,0.0712489588616536,0.0380474840794797,0.0410586315543125,-0.0153873552358583,0.0655412819154907,0.898566666666667,0.8945,0.907633333333333,0.101433333333333,0.0993918381731471,0.071250839670279,0.907633333333333,0.071250839670279,0.98,0.93,0.91,0.96,0.96,0.96,0.00943536534219532,-0.00135060271767301,-0.000869572780747003,-0.00721518987868365,0.030935685741126,0.012891838636409,0.00882261930248902,0.05,0.14,20.2594297347069,FALSE,"quadrature"
12,"dep1.5_N600_P3_normal",1.5,600,3,"normal","q",100,100,0.04715,0.0577193882311462,0.105508317262112,0.111682974287833,0.026491506382355,0.0855120799835652,0.0220662663767001,0.0328800347631931,-0.0479736711666475,0.0891284965842338,0.0912636298857224,0.0934891887895195,-0.0208758048859016,0.0589279686530344,0.814116666666667,0.79615,0.82565,0.185883333333333,0.195109556380469,0.130102289337805,0.82565,0.130102289337805,0.99,0.93,0.95,0.89,0.95,0.95,0.0203300848318654,-0.00597595448468222,-0.00138508359725449,-0.0129690467718287,0.0566342815259225,0.019585881722118,0.0103474531255926,0.36,0.08,21.9376635132631,TRUE,"quadrature"
15,"dep1.0_N150_P5_normal",1,150,5,"normal","q",100,100,0.0126666666666667,0.0339018190269096,0.0546825723440499,0.0661758640634721,0.00943365949745833,0.0498530834060343,-0.0108852159304575,0.0361800760070832,-0.0350760957253485,0.0677640725478215,0.038262286325796,0.0422957240655311,-0.0145733476044418,0.0399324638103303,0.906666666666667,0.895466666666667,0.9224,0.0933333333333333,0.103006656630215,0.0603796582078564,0.9224,0.0603796582078564,1,0.92,0.93,0.92,0.92,0.94,0.0262615170838287,-0.00261508379683967,-0.00286521555991588,-0.0207812177386836,0.0587799143454369,0.0215170190945867,0.0135357946065423,0.14,0,4.76233783348401,TRUE,"quadrature"
16,"dep1.5_N150_P5_normal",1.5,150,5,"normal","q",100,100,0.0442666666666667,0.0617449952987644,0.1042541851108,0.116645346874466,0.0492356848367894,0.102614218604214,0.0187102891200985,0.0442749898204105,-0.0783773413794492,0.107162993523542,0.0850886615609741,0.0882873972946441,-0.0257595279246333,0.0467869738176615,0.819333333333333,0.8006,0.825333333333333,0.180666666666667,0.197268710236756,0.129216678958993,0.825333333333333,0.129216678958993,0.99,0.96,0.96,0.93,0.91,0.95,0.0407342896912487,-0.0121346235638322,-0.00130982753231283,-0.0272898385844954,0.0734067276682136,0.0306118590175175,0.0146804165065419,0.77,0.12,7.33189220309258,TRUE,"quadrature"
19,"dep1.0_N300_P5_normal",1,300,5,"normal","q",100,100,0.0131333333333333,0.0290210651462386,0.0536152080630574,0.0629033986391331,0.001227562523945,0.0277304612054473,-0.0061019986364204,0.0251991873160889,-0.0124252191914533,0.0326152585824657,0.0380528793233406,0.0410679988900353,-0.00444118954846624,0.0175966380493958,0.906266666666667,0.897166666666667,0.930466666666667,0.0937333333333333,0.0998739432956662,0.0516890764508579,0.930466666666667,0.0516890764508579,0.99,0.95,0.93,0.97,0.96,0.94,0.0118756223965287,-0.000444989920656339,-0.00134224937366367,-0.010088383097017,0.031451131767733,0.0136402451664903,0.00937185500403434,0.1,0,11.4786499475638,FALSE,"quadrature"
20,"dep1.5_N300_P5_normal",1.5,300,5,"normal","q",100,100,0.0454666666666667,0.0532415877549371,0.106928987306713,0.11458759779529,0.0301225315278289,0.0943561225303087,0.018580293826161,0.034379483391509,-0.0503615168718855,0.0866786169773926,0.0855162223066649,0.0880821919428702,-0.0207161529306151,0.0466613345051837,0.813,0.794133333333333,0.832933333333333,0.187,0.201793840934578,0.123227695828587,0.832933333333333,0.123227695828587,0.94,0.93,0.89,0.87,0.91,0.92,0.031953708483532,-0.0105454948575322,-0.00379231025590449,-0.0176159033368287,0.0627920886122147,0.0235551566275591,0.00985455349493646,0.56,0.36,17.2310055253108,TRUE,"quadrature"
23,"dep1.0_N600_P5_normal",1,600,5,"normal","q",100,100,0.0137666666666667,0.0248171087939125,0.0489077582650115,0.0541062661513215,0.0179789538807833,0.0714749775518418,-0.00260479830442036,0.0169087635489888,-0.0204000828748115,0.059257656056673,0.0344717897403779,0.0364654809618954,-0.00858441773933605,0.0431387345931001,0.908366666666667,0.9018,0.9211,0.0916333333333333,0.0946803919869881,0.0610543631469843,0.9211,0.0610543631469843,0.99,0.91,0.95,0.95,0.95,0.93,0.00354679122769532,-0.00137887602437301,0.00107656799919466,-0.00324448320518365,0.0358829019488677,0.0101610549988331,0.00679625841458694,0.05,0.04,32.4677734664281,FALSE,"quadrature"
24,"dep1.5_N600_P5_normal",1.5,600,5,"normal","q",100,100,0.0437333333333333,0.0504050262044041,0.103882049701731,0.107862342964295,0.048130136681555,0.111553066426396,0.0187010540696356,0.0316754754597207,-0.0644629459203965,0.116420383329279,0.0865631451226939,0.0878428262160686,-0.0470906934874064,0.0917625886961721,0.8198,0.802383333333333,0.821133333333333,0.1802,0.192774089569839,0.142288155301613,0.821133333333333,0.142288155301613,0.94,0.9,0.87,0.92,0.98,0.95,0.0186632627267154,-0.00573287743731555,-0.00210775170103783,-0.0108226335924954,0.0373514856250359,0.0135031356134321,0.00730663191613427,0.61,0.01,41.08333220764,TRUE,"quadrature"
25,"dep1.0_N300_P5_t4",1,300,5,"t4","q",100,100,0.0145,0.0272294774912124,0.0366110324573695,0.044443438100567,0.00854071175386667,0.0234426713411421,0.00567775814916639,0.0235364791095117,-0.00161747070639245,0.0293831943866104,0.0271749584320464,0.0299856452989816,0.000981884167576015,0.0199676646607822,0.925833333333333,0.923,0.9414,0.0741666666666667,0.074968565376077,0.0457993603250242,0.9414,0.0457993603250242,1,0.91,0.92,0.67,0.9,0.91,-0.0357409664567713,-0.00447017920165634,0.00112517263920633,0.0390859730318163,0.0460159699706362,0.01464691649141,0.0098443010614089,0.08,0,11.9448977542718,FALSE,"quadrature"
