"dep","N","P","re_dist","cell_id","cell","rep","seed","variant","true_prev","true_sens","true_spec","true_share_item","true_share_model","true_share_prompt","true_share_run","MV_prev","MV_acc","MV_brier","DS_prev","DS_sens","DS_spec","DS_acc","DS_brier","CRE_ok","CRE_prev","CRE_prev_lo","CRE_prev_hi","CRE_sens","CRE_sens_lo","CRE_sens_hi","CRE_spec","CRE_spec_lo","CRE_spec_hi","CRE_share_item","CRE_share_model","CRE_share_prompt","CRE_share_run","CRE_share_item_lo","CRE_share_item_hi","CRE_share_model_lo","CRE_share_model_hi","CRE_share_prompt_lo","CRE_share_prompt_hi","CRE_acc","CRE_brier","CRE_acc_nonanchor","CRE_brier_nonanchor","max_rhat","divergences","min_ess_bulk","pi1_chain1","pi1_chain2","mu1_chain1","mu1_chain2","mu2_chain1","mu2_chain2","runtime_sec","chains","warmup","sampling","quad_Q","flagged","pi1_gap","flag_type"
0.5,300,3,"normal",6,"dep0.5_N300_P3_normal",1,1006001,"q",0.313333333333333,0.734274931166901,0.794383716767443,0.0664475115449109,0.042526407388743,0.0166118778862277,0.874414203180118,0.296666666666667,0.976666666666667,0.0233333333333333,0.299327661356655,0.774932945898197,0.791182325586779,0.98,0.0191751556507128,TRUE,0.29565538985,0.2433154975,0.34799790625,0.774616460899469,0.748476789084601,0.803011974782282,0.788639990748446,0.771432054516096,0.802929998576392,0.0689042664016667,0.028727277633305,0.0191735705115869,0.88319488545,0.042155362525,0.10080731375,0.0031820932775,0.058715746,6.34772354e-06,0.047039206825,0.98,0.018654285537083,0.98,0.018654285537083,1.02496797328363,0,66.6020966198106,0.2957153284,0.2955954513,-1.6476578602,-1.56129623352333,1.84581978276667,1.80590183736667,831.982093811035,2,300,300,15,FALSE,0.000119877099999999,"not flagged"
0.5,300,3,"normal",6,"dep0.5_N300_P3_normal",2,1006002,"q",0.303333333333333,0.779221582618493,0.871964394928804,0.0664475115449109,0.042526407388743,0.0166118778862277,0.874414203180118,0.3,0.99,0.01,0.306666486176177,0.770128907028146,0.863959853722639,0.996666666666667,0.00333312796327576,TRUE,0.3044699874,0.2588806065,0.3600944575,0.767711957767095,0.741107318950369,0.794494273890504,0.860371104750026,0.850068830407553,0.870720996773455,0.0753104072466667,0.025060276797385,0.0286872513477333,0.870942064533333,0.045557059175,0.11011924375,0.0017500452725,0.05521960995,0.004276622055,0.0613961252249999,1,0.0014529609019803,1,0.0014529609019803,1.01681579114814,0,114.975079970468,0.304106127466667,0.304833847333333,-2.21350600783333,-2.198080023,1.55153665383333,1.5150932167,689.163440704346,2,300,300,15,FALSE,0.000727719866666698,"not flagged"
0.5,300,3,"normal",6,"dep0.5_N300_P3_normal",3,1006003,"q",0.303333333333333,0.820829761334387,0.851941276599038,0.0664475115449109,0.042526407388743,0.0166118778862277,0.874414203180118,0.306666666666667,0.996666666666667,0.00333333333333333,0.305925044996322,0.8312694683376,0.859815020561221,0.996666666666667,0.00202568593901662,TRUE,0.305783587116667,0.25477794025,0.3604845205,0.829913068700298,0.804300871739473,0.848793598497159,0.856202734973667,0.844443764127904,0.867864367833552,0.083242096045,0.0304639656683467,0.0117123668158038,0.874581571466667,0.05522366845,0.11621704625,0.00129872142,0.068358232025,2.8530839075e-05,0.039327402375,1,0.00122107389722973,1,0.00122107389722973,1.07488607378666,0,26.7731685203362,0.306029569333333,0.3055376049,-2.341385337,-2.30905912103333,2.0000377973,1.9982651993,638.09191775322,2,300,300,15,TRUE,0.000491964433333325,"flagged: slow mixing (chains agree)"
0.5,300,3,"normal",6,"dep0.5_N300_P3_normal",4,1006004,"q",0.25,0.768028626162382,0.81296641226485,0.0664475115449109,0.042526407388743,0.0166118778862277,0.874414203180118,0.246666666666667,0.983333333333333,0.0166666666666667,0.257298946696771,0.756326509990319,0.820188440313999,0.986666666666667,0.0123225708724463,TRUE,0.2620253001,0.216556652,0.3154448815,0.748512975533869,0.7120483526124,0.778673024183737,0.819430395714337,0.804862809853468,0.834729556571623,0.0668831406166667,0.04943489225,0.0194882237304094,0.864193743466667,0.037481995575,0.1023322865,0.02102881295,0.0834798173,0.00020201358025,0.046290766325,0.993333333333333,0.00886436477262748,0.993333333333333,0.00886436477262748,1.02585000032407,0,113.211609665905,0.262826398933333,0.261224201266667,-2.00073915106667,-2.0098917289,1.49074887873333,1.4920972092,800.4184653759,2,300,300,15,FALSE,0.00160219766666664,"not flagged"
0.5,300,3,"normal",6,"dep0.5_N300_P3_normal",5,1006005,"q",0.346666666666667,0.835593405317943,0.850616913180406,0.0664475115449109,0.042526407388743,0.0166118778862277,0.874414203180118,0.346666666666667,1,0,0.346666667027857,0.84081181717327,0.845993842144666,1,1.73550299818804e-17,TRUE,0.348583172883333,0.28861122775,0.405657289,0.837633852206678,0.818635924764377,0.854039592861015,0.846541281934683,0.834626272203471,0.858122449255497,0.051748091225,0.0215086255844472,0.00756733431255823,0.919175948983333,0.027316477325,0.0795818687,7.4509152325e-05,0.052190685925,2.338261025e-05,0.029751077925,1,6.39974900346585e-06,1,6.39974900346585e-06,1.03841353383379,0,62.7763726583018,0.347265370633333,0.349900975133333,-2.10396027866667,-2.09537049033333,1.886688884,1.90155822633333,664.888754606247,2,300,300,15,FALSE,0.0026356045,"not flagged"
0.5,300,3,"normal",6,"dep0.5_N300_P3_normal",6,1006006,"q",0.313333333333333,0.827790861900999,0.852925457698668,0.0664475115449109,0.042526407388743,0.0166118778862277,0.874414203180118,0.313333333333333,1,0,0.316579062178887,0.844534580302303,0.861378409869034,0.996666666666667,0.00333530301680395,TRUE,0.31224978035,0.2641024635,0.3648771065,0.845872158498182,0.826503882829764,0.861806871087055,0.858153290317477,0.84716671743359,0.867464576069405,0.0627734264016667,0.0245393127023783,0.0124493990435151,0.900237861816667,0.0358134714,0.0920298773,0.0001655118575,0.0564520972,5.7055512925e-05,0.042857914575,0.996666666666667,0.00186794651375688,0.996666666666667,0.00186794651375688,1.02536364535106,0,80.9504982760721,0.312839568666667,0.311659992033333,-2.23440168266667,-2.13316840436667,2.14798561973333,2.142449717,628.202945709229,2,300,300,15,FALSE,0.00117957663333335,"not flagged"
0.5,300,3,"normal",6,"dep0.5_N300_P3_normal",7,1006007,"q",0.306666666666667,0.684180632865466,0.81293185572805,0.0664475115449109,0.042526407388743,0.0166118778862277,0.874414203180118,0.276666666666667,0.956666666666667,0.0433333333333333,0.338534340809675,0.668119758438777,0.819717596499664,0.96,0.0336918540991469,TRUE,0.325314201066667,0.266099292,0.38146010975,0.667037137162016,0.633185548531312,0.698866244202796,0.810888673188704,0.790430276131615,0.828549629661035,0.0939825183516667,0.0294421913126167,0.0198652706785133,0.856710019833333,0.053206718025,0.13572368075,0.0058882843925,0.05608177625,0.0002881210125,0.04817129,0.97,0.0186076547833993,0.97,0.0186076547833993,1.0443980242462,0,51.9601786446508,0.325845613533333,0.3247827886,-1.90470812933333,-1.91293478866667,1.07749772008,0.984215103684333,487.226904392242,2,300,300,15,FALSE,0.00106282493333337,"not flagged"
0.5,300,3,"normal",6,"dep0.5_N300_P3_normal",8,1006008,"q",0.283333333333333,0.768334874266514,0.821033930231389,0.0664475115449109,0.042526407388743,0.0166118778862277,0.874414203180118,0.273333333333333,0.983333333333333,0.0166666666666667,0.280278130774084,0.744184426348202,0.814312198680803,0.98,0.0155980449666998,TRUE,0.27985548925,0.22676725625,0.33703118275,0.739945688943106,0.713687093242252,0.771352212017214,0.81203001239879,0.798292458725879,0.828280700223012,0.051474851225,0.0468243214016667,0.0135218692562203,0.888178958,0.0260464698,0.084816521225,0.02182463745,0.079537766,3.8177371625e-05,0.039905891525,0.986666666666667,0.0115176361543741,0.986666666666667,0.0115176361543741,1.0388834072506,0,39.9568204450231,0.278205728266667,0.281505250233333,-1.859621389,-1.8240119759,1.31814239613333,1.3292262355,482.598730802536,2,300,300,15,FALSE,0.00329952196666666,"not flagged"
0.5,300,3,"normal",6,"dep0.5_N300_P3_normal",9,1006009,"q",0.326666666666667,0.770613010448876,0.841976375173797,0.0664475115449109,0.042526407388743,0.0166118778862277,0.874414203180118,0.316666666666667,0.983333333333333,0.0166666666666667,0.332943349680866,0.738106793083255,0.845378662268905,0.986666666666667,0.012583596103127,TRUE,0.32698689245,0.27754252925,0.38206508075,0.734893643288507,0.699540406707079,0.765547038061623,0.8395950037688,0.82493647807893,0.856631050855618,0.0968080196533333,0.0258939562136333,0.0192819691160755,0.858016054983333,0.06360655145,0.1393650995,0.0028543708975,0.05526778465,0.0003329105775,0.047036801075,0.99,0.00854509674972864,0.99,0.00854509674972864,1.02043936374133,0,74.4176420901957,0.3266306813,0.3273431036,-2.12064325566667,-2.12356854066667,1.101134683513,1.14032881762667,528.133894920349,2,300,300,15,FALSE,0.000712422300000015,"not flagged"
0.5,300,3,"normal",6,"dep0.5_N300_P3_normal",10,1006010,"q",0.29,0.769915901589412,0.844152847674594,0.0664475115449109,0.042526407388743,0.0166118778862277,0.874414203180118,0.29,0.993333333333333,0.00666666666666667,0.290624365373008,0.782582703313899,0.841844008827904,0.993333333333333,0.00677560307670994,TRUE,0.292085659433333,0.2449203015,0.34175352425,0.77560964190172,0.7467032777512,0.797215585072786,0.84230222715901,0.829776047878899,0.855018215051626,0.0204344365716967,0.070880718755,0.0270389155427733,0.881645929166667,0.00122981592425,0.048958705775,0.037309316575,0.107613417,0.001620665355,0.056457947375,0.993333333333333,0.00604581161409785,0.993333333333333,0.00604581161409785,1.02472619560199,1,109.967626941788,0.2923772866,0.291794032266667,-2.07731393933333,-2.09105111433333,1.431215473,1.4181863576,630.351438760757,2,300,300,15,FALSE,0.000583254333333338,"not flagged"
0.5,300,5,"normal",18,"dep0.5_N300_P5_normal",1,1018001,"q",0.316666666666667,0.763469242613021,0.855386251304409,0.0664475115449109,0.042526407388743,0.0166118778862277,0.874414203180118,0.31,0.993333333333333,0.00666666666666667,0.313333332561184,0.762411281413771,0.848004247898036,0.996666666666667,0.0033333333329923,TRUE,0.31356169445,0.26123348325,0.3682172965,0.759276258559944,0.741173558716039,0.777578683259661,0.847201885402094,0.833728259641543,0.858062070209112,0.0512915871316667,0.067104614845,0.0153713440613882,0.86623245385,0.030878198725,0.075109629,0.045831425325,0.091681730225,7.1593605575e-05,0.037789141525,0.996666666666667,0.00342287893525022,0.996666666666667,0.00342287893525022,1.03051106604076,0,41.5499376692789,0.313245358333333,0.313878030566667,-2.25168897533333,-2.24230649466667,1.53503939693333,1.5124873326,1208.86516618729,2,300,300,15,FALSE,0.000632672233333353,"not flagged"
0.5,300,5,"normal",18,"dep0.5_N300_P5_normal",2,1018002,"q",0.32,0.737893448192699,0.861275391178332,0.0664475115449109,0.042526407388743,0.0166118778862277,0.874414203180118,0.31,0.99,0.01,0.31999764325531,0.733566648158754,0.863506362996552,0.993333333333333,0.00666066853012539,TRUE,0.32065063395,0.27329844675,0.37293972175,0.730973006668443,0.708639151175663,0.753210630759295,0.861462545917457,0.850814644337449,0.869876408614883,0.04990157205,0.05361351608,0.00715557847589416,0.8893293334,0.032210883175,0.07011898295,0.033574657675,0.0774734217,2.7351514175e-06,0.0250177507,0.996666666666667,0.00202331112737772,0.996666666666667,0.00202331112737772,1.03326922313335,0,72.1064476792236,0.321554806933333,0.319746460966667,-2.35273174566667,-2.31281156,1.35518338713333,1.38218101696667,1238.95104122162,2,300,300,15,FALSE,0.00180834596666668,"not flagged"
0.5,300,5,"normal",18,"dep0.5_N300_P5_normal",3,1018003,"q",0.316666666666667,0.768577693805827,0.803895585049936,0.0664475115449109,0.042526407388743,0.0166118778862277,0.874414203180118,0.326666666666667,0.99,0.01,0.323333302905963,0.76105376244857,0.812479453667426,0.993333333333333,0.00666649810401771,TRUE,0.326098049083333,0.272009051,0.3808079435,0.758317997011172,0.737800918444305,0.776897354504839,0.811595807230901,0.79782196878771,0.824195604313285,0.0401543631766667,0.0538487048583333,0.0254460815571667,0.880550850366667,0.0224344445,0.06222260435,0.033627904525,0.077294511475,0.0069523841275,0.04392698455,0.993333333333333,0.00466179484451355,0.993333333333333,0.00466179484451355,1.01894590337995,0,111.641811904959,0.325918515633333,0.326277582533333,-1.88349415433333,-1.887639084,1.51812498733333,1.52746512973333,1163.87061595917,2,300,300,15,FALSE,0.000359066899999982,"not flagged"
0.5,300,5,"normal",18,"dep0.5_N300_P5_normal",4,1018004,"q",0.286666666666667,0.812992000962482,0.838578097163987,0.0664475115449109,0.042526407388743,0.0166118778862277,0.874414203180118,0.286666666666667,1,0,0.286666666666667,0.821446761757106,0.850571020768432,1,2.12609286892756e-40,TRUE,0.288486319316667,0.23951954525,0.3423539025,0.816985091917054,0.797801893624958,0.833264762133262,0.850707887153277,0.841140990486419,0.860472027571546,0.0479868163933333,0.055065445245,0.00924702931097539,0.887700709116667,0.02939723995,0.07037979355,0.03362201775,0.079095687925,3.0696256e-05,0.02741817665,1,6.21471708385021e-08,1,6.21471708385021e-08,1.02450524315294,0,54.3284734604884,0.288771172,0.288201466633333,-2.27056529333333,-2.23709547033333,1.89310933733333,1.88660067933333,1059.84395027161,2,300,300,15,FALSE,0.000569705366666673,"not flagged"
0.5,300,5,"normal",18,"dep0.5_N300_P5_normal",5,1018005,"q",0.32,0.763000189327951,0.778480241799147,0.0664475115449109,0.042526407388743,0.0166118778862277,0.874414203180118,0.31,0.983333333333333,0.0166666666666667,0.312343296041404,0.752451018324604,0.783786505555049,0.986666666666667,0.0137846684285328,TRUE,0.320966438233333,0.2692051385,0.37751906175,0.738283874061343,0.713314091742126,0.76000218039969,0.783263522947717,0.767649243016858,0.796966449897319,0.08149278094,0.0364769137683333,0.0155394347372183,0.866490870533333,0.061172621225,0.10926918,0.02139663295,0.05481162775,0.000506383912,0.03373805405,0.996666666666667,0.00652837635625881,0.996666666666667,0.00652837635625881,1.05508588972785,0,41.1460748059883,0.322451383166667,0.3194814933,-1.67807610306667,-1.70422922066667,1.39288632203333,1.38828967663333,664.471554040909,2,300,300,15,TRUE,0.00296988986666669,"flagged: slow mixing (chains agree)"
0.5,300,5,"normal",18,"dep0.5_N300_P5_normal",6,1018006,"q",0.29,0.759776703695967,0.790549205821676,0.0664475115449109,0.042526407388743,0.0166118778862277,0.874414203180118,0.296666666666667,0.986666666666667,0.0133333333333333,0.300008482526715,0.772335145796366,0.793018225541127,0.99,0.00998791110155128,TRUE,0.294403288566667,0.2477861655,0.347589737,0.772653717319262,0.74480608265296,0.792542216620144,0.788368642119278,0.774177663069167,0.802873687837926,0.065603956915,0.0421602696133333,0.0116904026326316,0.880545370883333,0.045796240225,0.0881801051,0.02240602435,0.061562052375,7.1895757925e-05,0.02915450315,1,0.000590424279232344,1,0.000590424279232344,1.02840410958946,0,65.0077597284655,0.294440983833333,0.2943655933,-1.75254111733333,-1.73694477953333,1.5982808484,1.593207138,995.178893566132,2,300,300,15,FALSE,7.53905333333305e-05,"not flagged"
0.5,300,5,"normal",18,"dep0.5_N300_P5_normal",7,1018007,"q",0.303333333333333,0.736715825123918,0.796988893651983,0.0664475115449109,0.042526407388743,0.0166118778862277,0.874414203180118,0.29,0.98,0.02,0.309058270950379,0.712619365323978,0.796118505399805,0.98,0.0163736592156527,TRUE,0.30784932865,0.25629159,0.3582893775,0.705757844842061,0.675965519855364,0.739855283339431,0.793393845418456,0.778087438600012,0.808217145264549,0.0707296560233333,0.0459822900916667,0.0112988279338267,0.871989225966667,0.0491066947,0.0940394793,0.0305363821,0.0634537714,0.0005094095375,0.025643676125,0.99,0.0102301830518724,0.99,0.0102301830518724,1.04918103033138,0,47.3470936815855,0.3092213102,0.3064773471,-1.78428560033333,-1.78539523,1.3049714979,1.32529763426667,717.242098093033,2,300,300,15,FALSE,0.00274396309999997,"not flagged"
0.5,300,5,"normal",18,"dep0.5_N300_P5_normal",8,1018008,"q",0.326666666666667,0.733842430994304,0.811168722219113,0.0664475115449109,0.042526407388743,0.0166118778862277,0.874414203180118,0.32,0.986666666666667,0.0133333333333333,0.323491227190169,0.753330629800177,0.796437871789879,0.99,0.0096809025842011,TRUE,0.321454363133333,0.26850149525,0.37924123,0.747725502700974,0.724778446265629,0.768005468660067,0.793915627070086,0.77826485509452,0.809645915693463,0.0742088664166667,0.046199345445,0.00587139501775738,0.873720393116667,0.052918618375,0.101137788,0.028467550025,0.0646446419,2.1655360075e-05,0.018805916175,0.99,0.00740086012543436,0.99,0.00740086012543436,1.02581747689329,0,54.4754581206373,0.323031045833333,0.319877680433333,-1.81476315633333,-1.86825948133333,1.55098730836667,1.53676794206667,765.851251602173,2,300,300,15,FALSE,0.0031533654,"not flagged"
0.5,300,5,"normal",18,"dep0.5_N300_P5_normal",9,1018009,"q",0.28,0.74330543776564,0.78449725006631,0.0664475115449109,0.042526407388743,0.0166118778862277,0.874414203180118,0.266666666666667,0.98,0.02,0.268150690529652,0.746582050625957,0.778911429172351,0.986666666666667,0.0122975823562583,TRUE,0.269542322666667,0.22081789775,0.322683783,0.737133406526039,0.708879105855121,0.761684015016612,0.77602193164454,0.759268100896007,0.789259770074074,0.0591076072516667,0.059238513215,0.02209598504375,0.859557894366667,0.03692144205,0.081881885925,0.040837002,0.07889696455,0.0061004565725,0.041033473175,0.99,0.00625142229771552,0.99,0.00625142229771552,1.01535953451714,0,118.053541629973,0.269389863233333,0.2696947821,-1.76912537866667,-1.73318550643333,1.42750730333333,1.4212432324,895.966751813889,2,300,300,15,FALSE,0.000304918866666615,"not flagged"
0.5,300,5,"normal",18,"dep0.5_N300_P5_normal",10,1018010,"q",0.273333333333333,0.780515578305626,0.784577788089787,0.0664475115449109,0.042526407388743,0.0166118778862277,0.874414203180118,0.27,0.99,0.01,0.273902346426181,0.774804256457636,0.79484231513729,1,0.000178002700249502,TRUE,0.270373520083333,0.21947223275,0.3242477695,0.776962377198343,0.748953273327486,0.800553205246296,0.792195826419865,0.779509003064827,0.804566954999606,0.049838290055,0.0641220841866667,0.0125188331043803,0.873520792566667,0.0312443401,0.06913997445,0.044889941875,0.08442367525,0.00013749816975,0.03114415025,0.996666666666667,0.00197500972682756,0.996666666666667,0.00197500972682756,1.05746060365015,0,36.8183170678973,0.270790864266667,0.2699561759,-1.8620775783,-1.86518310966667,1.5926713501,1.61767317166667,1001.13609361649,2,300,300,15,TRUE,0.000834688366666669,"flagged: slow mixing (chains agree)"
