"cell_id","cell","dep","N","P","re_dist","variant","n_reps","n_cre_ok","MV_prev_bias","MV_prev_rmse","DS_prev_bias","DS_prev_rmse","CRE_prev_bias","CRE_prev_rmse","DS_sens_bias","DS_sens_rmse","CRE_sens_bias","CRE_sens_rmse","DS_spec_bias","DS_spec_rmse","CRE_spec_bias","CRE_spec_rmse","MV_acc","DS_acc","CRE_acc","MV_brier","DS_brier","CRE_brier","CRE_acc_nonanchor","CRE_brier_nonanchor","CRE_cov_prev","CRE_cov_sens","CRE_cov_spec","CRE_cov_share_item","CRE_cov_share_model","CRE_cov_share_prompt","share_item_bias","share_model_bias","share_prompt_bias","share_run_bias","share_item_rmse","share_model_rmse","share_prompt_rmse","frac_rhat_gt_1.05","mean_divergences","mean_runtime_min","quad_Q","flag_rhat"
3,"dep1.0_N150_P3_normal",1,150,3,"normal","q",100,100,0.0160666666666667,0.0433845850760639,0.0534232110169711,0.0716015772553205,0.0179254893526208,0.0627728248702811,-0.00237842851540644,0.0407162379507934,-0.0432402566963137,0.0839684662444708,0.0411136875402739,0.0474834390043578,-0.0153548932483954,0.0331122849873157,0.900333333333333,0.893466666666667,0.907733333333333,0.0996666666666667,0.103498387225822,0.0715653270061332,0.907733333333333,0.0715653270061332,1,0.89,0.94,0.91,0.94,0.97,0.0433220474440226,-0.00747653854206134,0.000959345746271447,-0.0368048546746837,0.0770510267323839,0.0280471326525373,0.0175526046653636,0.2,0.01,2.9577701605161,15,TRUE
4,"dep1.5_N150_P3_normal",1.5,150,3,"normal","q",100,100,0.0452666666666667,0.0650094010295605,0.102846798830775,0.119693027653424,0.0653604810443139,0.110285021977608,0.0255889105535707,0.0487612087756247,-0.0882378089097146,0.120998929097189,0.0902072985162199,0.0959065226754603,-0.0277336690669752,0.046823885138181,0.808066666666667,0.791933333333333,0.807933333333333,0.191933333333333,0.203345803232634,0.144376324934837,0.807933333333333,0.144376324934837,1,0.96,0.95,0.95,0.91,0.96,0.048036419044382,-0.0169447923538489,-0.00208106270632183,-0.0290105639938287,0.0858891019334766,0.0347764826288211,0.0178086041063191,0.45,0.04,3.98986929094791,15,TRUE
6,"dep0.5_N300_P3_normal",0.5,300,3,"normal","q",10,10,-0.007,0.0118790197874703,0.00381773884036336,0.0115864774763518,0.00163427932333333,0.00912983458778161,-0.000778567775740491,0.0208508026225524,-0.00370370027704328,0.0222766950982966,0.000887717822857592,0.00624046914813901,-0.00207384652930982,0.00604664978721699,0.986333333333333,0.987666666666667,0.991,0.0136666666666667,0.0108840941687939,0.00767832306732808,0.991,0.00767832306732808,1,0.8,0.9,0.9,1,1,0.000708613828925411,-0.00724885355686511,0.00126673914929119,0.00527350058988169,0.0214888970011077,0.0165053575264019,0.00647897141156977,0.1,0.1,10.6350976447264,15,FALSE
7,"dep1.0_N300_P3_normal",1,300,3,"normal","q",100,100,0.0134666666666667,0.0317700068198503,0.0468920565706583,0.0587176434117528,0.00560801458538633,0.053259493939069,0.00295990038210364,0.0310354086238878,-0.0226838535267429,0.0547038245332689,0.0351880589680075,0.0395090336273206,-0.0109728585945695,0.0277626186548039,0.901733333333333,0.895166666666667,0.9093,0.0982666666666667,0.099621014626786,0.0662619320474815,0.9093,0.0662619320474815,0.96,0.91,0.87,0.92,0.93,0.96,0.0210117105407453,-0.00295838571892301,0.000164957330460047,-0.018218282136017,0.053071625863355,0.019033533334617,0.0126118618194509,0.06,0.04,7.28474014846484,15,FALSE
8,"dep1.5_N300_P3_normal",1.5,300,3,"normal","q",100,100,0.0532,0.0641387385109637,0.106923734197256,0.116434356301565,0.0378009211376454,0.0885761935618386,0.0266654413991187,0.0410299789161419,-0.0532648382689788,0.0831794718403229,0.0925260687571345,0.0957728409162054,-0.0166456534163084,0.0382435541671544,0.812133333333333,0.794533333333333,0.821266666666667,0.187866666666667,0.19874784207377,0.128927075355667,0.821266666666667,0.128927075355667,0.99,0.98,0.97,0.94,0.92,0.9,0.0371644728275987,-0.0147118384557656,-0.00234643966517116,-0.0201061947059954,0.0716551747250151,0.0283432641677607,0.0156873810829052,0.42,0.25,9.37214508537451,15,TRUE
11,"dep1.0_N600_P3_normal",1,600,3,"normal","q",100,100,0.0179,0.0351718005731233,0.0523921417858462,0.0605506193880682,0.00561230841545,0.0518538372113485,-0.00152314389423266,0.0185597842960654,-0.0196928914700593,0.0712489588616536,0.0380474840794797,0.0410586315543125,-0.0153873552358583,0.0655412819154907,0.898566666666667,0.8945,0.907633333333333,0.101433333333333,0.0993918381731471,0.071250839670279,0.907633333333333,0.071250839670279,0.98,0.93,0.91,0.96,0.96,0.96,0.00943536534219532,-0.00135060271767301,-0.000869572780747003,-0.00721518987868365,0.030935685741126,0.012891838636409,0.00882261930248902,0.05,0.14,20.2594297347069,15,FALSE
12,"dep1.5_N600_P3_normal",1.5,600,3,"normal","q",100,100,0.04715,0.0577193882311462,0.105508317262112,0.111682974287833,0.026491506382355,0.0855120799835652,0.0220662663767001,0.0328800347631931,-0.0479736711666475,0.0891284965842338,0.0912636298857224,0.0934891887895195,-0.0208758048859016,0.0589279686530344,0.814116666666667,0.79615,0.82565,0.185883333333333,0.195109556380469,0.130102289337805,0.82565,0.130102289337805,0.99,0.93,0.95,0.89,0.95,0.95,0.0203300848318654,-0.00597595448468222,-0.00138508359725449,-0.0129690467718287,0.0566342815259225,0.019585881722118,0.0103474531255926,0.36,0.08,21.9376635132631,15,TRUE
15,"dep1.0_N150_P5_normal",1,150,5,"normal","q",100,100,0.0126666666666667,0.0339018190269096,0.0546825723440499,0.0661758640634721,0.00943365949745833,0.0498530834060343,-0.0108852159304575,0.0361800760070832,-0.0350760957253485,0.0677640725478215,0.038262286325796,0.0422957240655311,-0.0145733476044418,0.0399324638103303,0.906666666666667,0.895466666666667,0.9224,0.0933333333333333,0.103006656630215,0.0603796582078564,0.9224,0.0603796582078564,1,0.92,0.93,0.92,0.92,0.94,0.0262615170838287,-0.00261508379683967,-0.00286521555991588,-0.0207812177386836,0.0587799143454369,0.0215170190945867,0.0135357946065423,0.14,0,4.76233783348401,15,TRUE
16,"dep1.5_N150_P5_normal",1.5,150,5,"normal","q",100,100,0.0442666666666667,0.0617449952987644,0.1042541851108,0.116645346874466,0.0492356848367894,0.102614218604214,0.0187102891200985,0.0442749898204105,-0.0783773413794492,0.107162993523542,0.0850886615609741,0.0882873972946441,-0.0257595279246333,0.0467869738176615,0.819333333333333,0.8006,0.825333333333333,0.180666666666667,0.197268710236756,0.129216678958993,0.825333333333333,0.129216678958993,0.99,0.96,0.96,0.93,0.91,0.95,0.0407342896912487,-0.0121346235638322,-0.00130982753231283,-0.0272898385844954,0.0734067276682136,0.0306118590175175,0.0146804165065419,0.77,0.12,7.33189220309258,15,TRUE
18,"dep0.5_N300_P5_normal",0.5,300,5,"normal","q",10,10,-0.00466666666666666,0.00894427190999917,-0.000304807427971004,0.00630823458638896,5.26247999999008e-06,0.00536968408406078,-0.000948763068051806,0.0119193839485011,-0.00560194739828033,0.0147147848470116,0.00122785115812667,0.00815815028445964,-0.00072699050210091,0.0086112596634759,0.988,0.991666666666667,0.995,0.012,0.00789632263535811,0.00430843228916533,0.995,0.00430843228916533,1,0.9,0.8,0.9,0.8,1,-0.00741596190957759,0.00985476234609033,-0.00298838669872886,0.00054958623654835,0.0147342614849947,0.0134917230845764,0.00662593875364162,0.2,0,16.1856290272872,15,TRUE
19,"dep1.0_N300_P5_normal",1,300,5,"normal","q",100,100,0.0131333333333333,0.0290210651462386,0.0536152080630574,0.0629033986391331,0.001227562523945,0.0277304612054473,-0.0061019986364204,0.0251991873160889,-0.0124252191914533,0.0326152585824657,0.0380528793233406,0.0410679988900353,-0.00444118954846624,0.0175966380493958,0.906266666666667,0.897166666666667,0.930466666666667,0.0937333333333333,0.0998739432956662,0.0516890764508579,0.930466666666667,0.0516890764508579,0.99,0.95,0.93,0.97,0.96,0.94,0.0118756223965287,-0.000444989920656339,-0.00134224937366367,-0.010088383097017,0.031451131767733,0.0136402451664903,0.00937185500403434,0.1,0,11.4786499475638,15,FALSE
20,"dep1.5_N300_P5_normal",1.5,300,5,"normal","q",100,100,0.0454666666666667,0.0532415877549371,0.106928987306713,0.11458759779529,0.0301225315278289,0.0943561225303087,0.018580293826161,0.034379483391509,-0.0503615168718855,0.0866786169773926,0.0855162223066649,0.0880821919428702,-0.0207161529306151,0.0466613345051837,0.813,0.794133333333333,0.832933333333333,0.187,0.201793840934578,0.123227695828587,0.832933333333333,0.123227695828587,0.94,0.93,0.89,0.87,0.91,0.92,0.031953708483532,-0.0105454948575322,-0.00379231025590449,-0.0176159033368287,0.0627920886122147,0.0235551566275591,0.00985455349493646,0.56,0.36,17.2310055253108,15,TRUE
23,"dep1.0_N600_P5_normal",1,600,5,"normal","q",100,100,0.0137666666666667,0.0248171087939125,0.0489077582650115,0.0541062661513215,0.0179789538807833,0.0714749775518418,-0.00260479830442036,0.0169087635489888,-0.0204000828748115,0.059257656056673,0.0344717897403779,0.0364654809618954,-0.00858441773933605,0.0431387345931001,0.908366666666667,0.9018,0.9211,0.0916333333333333,0.0946803919869881,0.0610543631469843,0.9211,0.0610543631469843,0.99,0.91,0.95,0.95,0.95,0.93,0.00354679122769532,-0.00137887602437301,0.00107656799919466,-0.00324448320518365,0.0358829019488677,0.0101610549988331,0.00679625841458694,0.05,0.04,32.4677734664281,15,FALSE
24,"dep1.5_N600_P5_normal",1.5,600,5,"normal","q",100,100,0.0437333333333333,0.0504050262044041,0.103882049701731,0.107862342964295,0.048130136681555,0.111553066426396,0.0187010540696356,0.0316754754597207,-0.0644629459203965,0.116420383329279,0.0865631451226939,0.0878428262160686,-0.0470906934874064,0.0917625886961721,0.8198,0.802383333333333,0.821133333333333,0.1802,0.192774089569839,0.142288155301613,0.821133333333333,0.142288155301613,0.94,0.9,0.87,0.92,0.98,0.95,0.0186632627267154,-0.00573287743731555,-0.00210775170103783,-0.0108226335924954,0.0373514856250359,0.0135031356134321,0.00730663191613427,0.61,0.01,41.08333220764,15,TRUE
25,"dep1.0_N300_P5_t4",1,300,5,"t4","q",100,100,0.0145,0.0272294774912124,0.0366110324573695,0.044443438100567,0.00854071175386667,0.0234426713411421,0.00567775814916639,0.0235364791095117,-0.00161747070639245,0.0293831943866104,0.0271749584320464,0.0299856452989816,0.000981884167576015,0.0199676646607822,0.925833333333333,0.923,0.9414,0.0741666666666667,0.074968565376077,0.0457993603250242,0.9414,0.0457993603250242,1,0.91,0.92,0.67,0.9,0.91,-0.0357409664567713,-0.00447017920165634,0.00112517263920633,0.0390859730318163,0.0460159699706362,0.01464691649141,0.0098443010614089,0.08,0,11.9448977542718,15,FALSE
