"model","cell","rep","seed","variant","chains","warmup","sampling","quad_Q","runtime_min","max_rhat","min_ess","prev","prev_lo","prev_hi","sens","spec","s_th","s_ph","s_ps","share_item","share_model","share_prompt","accuracy","brier","true_prev"
"e","dep0.5_N300_P3_normal",1,1006001,"e",2,750,750,NA,4.41908950010935,1.03162868882837,123.13208084527,0.296716445946667,0.24737584125,0.3504774515,0.77141701112728,0.787965115242715,0.4819452443,0.353741133734667,0.269089725633667,0.063128550854,0.0351702584046533,0.0218794257813465,0.98,0.0181381563091531,0.313333333333333
"e","dep0.5_N300_P3_normal",2,1006002,"e",2,750,750,NA,2.74672945737839,1.06828179674174,27.4618722797949,0.302359060606667,0.25190360125,0.357663666,0.770383559282609,0.860228863036098,0.527370017453333,0.27938954821402,0.319825158661267,0.0747316357986667,0.0236780562017093,0.0295425773533871,0.996666666666667,0.00263498796423004,0.303333333333333
"e","dep0.5_N300_P3_normal",3,1006003,"e",2,750,750,NA,2.77048213481903,1.0816153116012,21.1749211176038,0.308684874066667,0.2529922325,0.3677553965,0.824948237011176,0.859688384691047,0.5543571958,0.314828864455267,0.20799933810348,0.0824510573493333,0.0292438429470563,0.0144324833198756,1,0.00127696973165981,0.303333333333333
"e","dep0.5_N300_P3_normal",4,1006004,"e",2,750,750,NA,2.35776585737864,1.02077185644944,50.886509271982,0.264221694106667,0.21812551275,0.3134146605,0.745923743755576,0.819124505633427,0.503333199506667,0.4331687574,0.210574187605067,0.067536127892,0.0505837073737333,0.0143162208790669,0.99,0.00924940267886309,0.25
"e","dep0.5_N300_P3_normal",5,1006005,"e",2,750,750,NA,2.60065346558889,1.03094391011935,145.115496869267,0.34843653262,0.2953914625,0.40407588925,0.839560096717844,0.845916747260085,0.42721222604,0.269001141196333,0.15209261708002,0.0518163319493333,0.0226510622900467,0.0086773345045139,1,1.12014852699168e-05,0.346666666666667
"e","dep0.5_N300_P3_normal",6,1006006,"e",2,750,750,NA,2.6455398996671,1.01657525036844,138.110952313045,0.3140503852,0.2637408575,0.36809735425,0.845569761727551,0.859506367159317,0.473788217453333,0.282372550586807,0.193924303224907,0.062267188236,0.0252229982178604,0.0134731268113257,1,0.000710948200529703,0.313333333333333
"e","dep0.5_N300_P3_normal",7,1006007,"e",2,750,750,NA,2.63501724799474,1.04820126960428,48.9832656377756,0.326187709793333,0.26732084725,0.3908822225,0.664090031148476,0.807481640752403,0.610690737693333,0.311422335642167,0.257099864542667,0.0977601146573333,0.0274756838999857,0.0197245410386006,0.97,0.0190233593861646,0.306666666666667
"e","dep0.5_N300_P3_normal",8,1006008,"e",2,750,750,NA,2.39646405776342,1.02438623425016,108.666461576938,0.280084633206667,0.227668938,0.3355482295,0.740206765305287,0.81228876614441,0.442463149226667,0.399818506453333,0.190704377344673,0.0537765108526667,0.0443999651885333,0.0124996912588424,0.986666666666667,0.0114265936820305,0.283333333333333
"e","dep0.5_N300_P3_normal",9,1006009,"e",2,750,750,NA,2.44045565128326,1.0457661447734,66.0481981488112,0.332615187846667,0.27912832575,0.385974706,0.731015862647143,0.840564126015216,0.607294203446667,0.314073208660473,0.258480831168207,0.0966852714566667,0.0276882728646464,0.0201116748063906,0.986666666666667,0.0104102748179389,0.326666666666667
"e","dep0.5_N300_P3_normal",10,1006010,"e",2,750,750,NA,2.28571300506592,1.03919323456357,84.8608746038557,0.292433384893333,0.24300185125,0.342391004,0.774562344798175,0.841971089220223,0.255368357102733,0.51766743914,0.307014752567667,0.0202772206515713,0.072518341024,0.0278472892936956,0.993333333333333,0.00618159304490589,0.29
"e","dep0.5_N300_P5_normal",1,1018001,"e",2,750,750,NA,4.54263720909754,1.0131371127253,130.336302561221,0.316362272533333,0.26528389775,0.37139332325,0.757237734079807,0.848432006625927,0.434062372026667,0.508816506873333,0.252488538668867,0.0500230899113333,0.068391313486,0.0184127427426131,0.996666666666667,0.00427845333279031,0.316666666666667
"e","dep0.5_N300_P5_normal",2,1018002,"e",2,750,750,NA,4.53708436489105,1.02541572017134,120.117029641818,0.32079099182,0.266695733,0.37875680925,0.734205555206342,0.861760736368987,0.40009582698,0.45985622194,0.14980233224034,0.043923528648,0.0577564439826667,0.00790601542251329,0.993333333333333,0.00758961224249809,0.32
"e","dep0.5_N300_P5_normal",3,1018003,"e",2,750,750,NA,4.52960260709127,1.05901217264785,38.3489362688772,0.322999530586667,0.275672837,0.3746168725,0.757602212643178,0.812284505961866,0.38794390266,0.451111901626667,0.303333378468,0.0408015136587333,0.0547851970126667,0.0256076117976,0.996666666666667,0.0039547137036775,0.316666666666667
"e","dep0.5_N300_P5_normal",4,1018004,"e",2,750,750,NA,4.59222039779027,1.02606685755546,101.264459537541,0.287539797946667,0.237247789,0.33955619525,0.817143021939123,0.849376423482178,0.42017266886,0.444878727833333,0.17175366122138,0.048141639818,0.0539903519606667,0.0103244023933368,1,1.11386423598911e-17,0.286666666666667
"e","dep0.5_N300_P5_normal",5,1018005,"e",2,750,750,NA,4.38405621051788,1.04007650770938,47.6728152141289,0.319331169313333,0.2634671475,0.3765008315,0.741729492973814,0.786184533380289,0.537260462633333,0.366946779626667,0.238641344560133,0.0767676026106667,0.0361716941086667,0.0164277121665943,0.993333333333333,0.00658047855369241,0.32
"e","dep0.5_N300_P5_normal",6,1018006,"e",2,750,750,NA,4.68627740542094,1.00963856519208,138.388116610598,0.292565640386667,0.24087492875,0.35095504875,0.775055053286099,0.787880450814833,0.48707972638,0.39385895392,0.1989983402032,0.0639709191113333,0.0421159067353333,0.0123586047115004,1,0.000387450506217269,0.29
"e","dep0.5_N300_P5_normal",7,1018007,"e",2,750,750,NA,4.65530368884404,1.04745786786163,30.7472425334356,0.310418289586667,0.25956946875,0.364145267,0.706473161122414,0.79543066864817,0.505218435653333,0.42041193084,0.192590893365287,0.06809042481,0.0473642431246667,0.0116589838655488,0.98,0.0128432575097808,0.303333333333333
"e","dep0.5_N300_P5_normal",8,1018008,"e",2,750,750,NA,4.64170359373093,1.07994132980004,18.2678388370997,0.325739281313333,0.2715213,0.37840860025,0.747851337232387,0.795971237316908,0.5113935214,0.41989275666,0.120169129912511,0.0701724756526667,0.0474649425753333,0.00524943344197751,0.993333333333333,0.00390651243616724,0.326666666666667
"e","dep0.5_N300_P5_normal",9,1018009,"e",2,750,750,NA,4.6527742822965,1.07062975645307,24.2357013169107,0.27210107316,0.22325023725,0.324886084,0.737041920538986,0.777639752961602,0.479582619353333,0.468597185566667,0.285587663801533,0.06053144433,0.057724269486,0.0223432715389442,0.993333333333333,0.00484548995215277,0.28
"e","dep0.5_N300_P5_normal",10,1018010,"e",2,750,750,NA,4.62531342109044,1.02940516280449,97.6492242440572,0.27258208412,0.22154065425,0.32528169525,0.775779826692122,0.793704506780035,0.4228599763,0.488810089153333,0.199888395076927,0.0481778952266667,0.063990238896,0.0126400459372853,0.993333333333333,0.00428397011716252,0.273333333333333
"q","dep0.5_N300_P3_normal",1,1006001,"q",2,300,300,15,13.8663682301839,1.02496797328363,66.6020966198106,0.29565538985,0.2433154975,0.34799790625,0.774616460899469,0.788639990748446,0.503739856883333,0.314703947900667,0.2456862187742,0.0689042664016667,0.028727277633305,0.0191735705115869,0.98,0.018654285537083,0.313333333333333
"q","dep0.5_N300_P3_normal",2,1006002,"q",2,300,300,15,11.4860573450724,1.01681579114814,114.975079970468,0.3044699874,0.2588806065,0.3600944575,0.767711957767095,0.860371104750026,0.5305555975,0.292900755931667,0.31667738813,0.0753104072466667,0.025060276797385,0.0286872513477333,1,0.0014529609019803,0.303333333333333
"q","dep0.5_N300_P3_normal",3,1006003,"q",2,300,300,15,10.634865295887,1.07488607378666,26.7731685203362,0.305783587116667,0.25477794025,0.3604845205,0.829913068700298,0.856202734973667,0.557230818666667,0.322163730401667,0.181026930828167,0.083242096045,0.0304639656683467,0.0117123668158038,1,0.00122107389722973,0.303333333333333
"q","dep0.5_N300_P3_normal",4,1006004,"q",2,300,300,15,13.340307756265,1.02585000032407,113.211609665905,0.2620253001,0.216556652,0.3154448815,0.748512975533869,0.819430395714337,0.501181981533333,0.428652496483333,0.253821915229383,0.0668831406166667,0.04943489225,0.0194882237304094,0.993333333333333,0.00886436477262748,0.25
"q","dep0.5_N300_P3_normal",5,1006005,"q",2,300,300,15,11.0814792434374,1.03841353383379,62.7763726583018,0.348583172883333,0.28861122775,0.405657289,0.837633852206678,0.846541281934683,0.426836184183333,0.25567301855635,0.137747691108333,0.051748091225,0.0215086255844472,0.00756733431255823,1,6.39974900346585e-06,0.346666666666667
"q","dep0.5_N300_P3_normal",6,1006006,"q",2,300,300,15,10.4700490951538,1.02536364535106,80.9504982760721,0.31224978035,0.2641024635,0.3648771065,0.845872158498182,0.858153290317477,0.475674133233333,0.278990405528333,0.186829072844233,0.0627734264016667,0.0245393127023783,0.0124493990435151,0.996666666666667,0.00186794651375688,0.313333333333333
"q","dep0.5_N300_P3_normal",7,1006007,"q",2,300,300,15,8.12044840653737,1.0443980242462,51.9601786446508,0.325314201066667,0.266099292,0.38146010975,0.667037137162016,0.810888673188704,0.5975902803,0.326855718695,0.256286885911,0.0939825183516667,0.0294421913126167,0.0198652706785133,0.97,0.0186076547833993,0.306666666666667
"q","dep0.5_N300_P3_normal",8,1006008,"q",2,300,300,15,8.04331218004227,1.0388834072506,39.9568204450231,0.27985548925,0.22676725625,0.33703118275,0.739945688943106,0.81203001239879,0.43261780885,0.4117073728,0.1979927162984,0.051474851225,0.0468243214016667,0.0135218692562203,0.986666666666667,0.0115176361543741,0.283333333333333
"q","dep0.5_N300_P3_normal",9,1006009,"q",2,300,300,15,8.80223158200582,1.02043936374133,74.4176420901957,0.32698689245,0.27754252925,0.38206508075,0.734893643288507,0.8395950037688,0.607022896083333,0.30070859472,0.253101702949,0.0968080196533333,0.0258939562136333,0.0192819691160755,0.99,0.00854509674972864,0.326666666666667
"q","dep0.5_N300_P3_normal",10,1006010,"q",2,300,300,15,10.5058573126793,1.02472619560199,109.967626941788,0.292085659433333,0.2449203015,0.34175352425,0.77560964190172,0.84230222715901,0.258925571091333,0.510628479,0.30433972069,0.0204344365716967,0.070880718755,0.0270389155427733,0.993333333333333,0.00604581161409785,0.29
"q","dep0.5_N300_P5_normal",1,1018001,"q",2,300,300,15,20.1477527697881,1.03051106604076,41.5499376692789,0.31356169445,0.26123348325,0.3682172965,0.759276258559944,0.847201885402094,0.43878137785,0.503057760083333,0.222637275811,0.0512915871316667,0.067104614845,0.0153713440613882,0.996666666666667,0.00342287893525022,0.316666666666667
"q","dep0.5_N300_P5_normal",2,1018002,"q",2,300,300,15,20.6491840203603,1.03326922313335,72.1064476792236,0.32065063395,0.27329844675,0.37293972175,0.730973006668443,0.861462545917457,0.427674446533333,0.443166492166667,0.139741909914883,0.04990157205,0.05361351608,0.00715557847589416,0.996666666666667,0.00202331112737772,0.32
"q","dep0.5_N300_P5_normal",3,1018003,"q",2,300,300,15,19.3978435993195,1.01894590337995,111.641811904959,0.326098049083333,0.272009051,0.3808079435,0.758317997011172,0.811595807230901,0.3842651051,0.446382851183333,0.302467014901667,0.0401543631766667,0.0538487048583333,0.0254460815571667,0.993333333333333,0.00466179484451355,0.316666666666667
"q","dep0.5_N300_P5_normal",4,1018004,"q",2,300,300,15,17.6640658378601,1.02450524315294,54.3284734604884,0.288486319316667,0.23951954525,0.3423539025,0.816985091917054,0.850707887153277,0.4191477465,0.449234427533333,0.163388024150667,0.0479868163933333,0.055065445245,0.00924702931097539,1,6.21471708385021e-08,0.286666666666667
"q","dep0.5_N300_P5_normal",5,1018005,"q",2,300,300,15,11.0745259006818,1.05508588972785,41.1460748059883,0.320966438233333,0.2692051385,0.37751906175,0.738283874061343,0.783263522947717,0.554890088983333,0.3696004528,0.22917849919,0.08149278094,0.0364769137683333,0.0155394347372183,0.996666666666667,0.00652837635625881,0.32
"q","dep0.5_N300_P5_normal",6,1018006,"q",2,300,300,15,16.5863148927689,1.02840410958946,65.0077597284655,0.294403288566667,0.2477861655,0.347589737,0.772653717319262,0.788368642119278,0.493524174983333,0.394351045483333,0.191617975485167,0.065603956915,0.0421602696133333,0.0116904026326316,1,0.000590424279232344,0.29
"q","dep0.5_N300_P5_normal",7,1018007,"q",2,300,300,15,11.9540349682172,1.04918103033138,47.3470936815855,0.30784932865,0.25629159,0.3582893775,0.705757844842061,0.793393845418456,0.515105524883333,0.4148160756,0.193213280933333,0.0707296560233333,0.0459822900916667,0.0112988279338267,0.99,0.0102301830518724,0.303333333333333
"q","dep0.5_N300_P5_normal",8,1018008,"q",2,300,300,15,12.7641875267029,1.02581747689329,54.4754581206373,0.321454363133333,0.26850149525,0.37924123,0.747725502700974,0.793915627070086,0.527255220133333,0.415128357133333,0.129640552090917,0.0742088664166667,0.046199345445,0.00587139501775738,0.99,0.00740086012543436,0.326666666666667
"q","dep0.5_N300_P5_normal",9,1018009,"q",2,300,300,15,14.9327791968981,1.01535953451714,118.053541629973,0.269542322666667,0.22081789775,0.322683783,0.737133406526039,0.77602193164454,0.47345297595,0.474624642833333,0.284230621438333,0.0591076072516667,0.059238513215,0.02209598504375,0.99,0.00625142229771552,0.28
"q","dep0.5_N300_P5_normal",10,1018010,"q",2,300,300,15,16.6856015602748,1.05746060365015,36.8183170678973,0.270373520083333,0.21947223275,0.3242477695,0.776962377198343,0.792195826419865,0.43106336205,0.48995213905,0.19889197387,0.049838290055,0.0641220841866667,0.0125188331043803,0.996666666666667,0.00197500972682756,0.273333333333333
