"quantity","orig_q","orig_q_ess","wide_q","wide_q_ess","orig_a","orig_a_ess","wide_a","wide_a_ess"
"pi1",".31 [.28,.35]","1160",".31 [.28,.35]","54",".31 [.28,.34]","3421",".32 [.28,.35]","625"
"mu[1]","-14.5 [-16.2,-12.6]","603","-21.6 [-26.5,-17.8]","13","-14.2 [-15.9,-12.4]","861","-21.7 [-25.4,-18.2]","42"
"mu[2]","7.1 [5.5,8.7]","82","10.9 [6.3,15.3]","19","7.2 [5.5,8.8]","99","11.0 [6.8,15.1]","29"
"s_th","5.6 [4.9,6.5]","8","8.5 [6.9,11.0]","6","5.6 [5.0,6.2]","198","7.8 [6.6,9.1]","10"
"s_ph","3.1 [2.7,3.5]","208","4.0 [3.4,4.6]","111","3.1 [2.7,3.5]","338","4.1 [3.5,4.7]","44"
"s_ps","2.9 [2.6,3.2]","65","3.5 [3.1,4.0]","139","2.9 [2.6,3.2]","812","3.7 [3.2,4.1]","54"
"share_item",".60 [.52,.67]","8",".69 [.61,.79]","6",".59 [.53,.65]","134",".64 [.56,.72]","7"
"share_model",".18 [.14,.23]","16",".15 [.11,.21]","7",".19 [.15,.23]","172",".18 [.13,.23]","9"
"share_prompt",".16 [.12,.20]","10",".12 [.08,.16]","6",".16 [.13,.19]","344",".14 [.11,.18]","9"
"share_run",".06 [.05,.07]","12",".03 [.02,.04]","7",".06 [.05,.07]","349",".04 [.03,.04]","19"
"max $\widehat{R}$","1.46","","1.91","","1.03","","1.60",""
"acc., working","0.960","","0.961","","0.960","","0.958",""
"Brier, working","0.039","","0.038","","0.038","","0.038",""
"acc., validation","0.970","","0.970","","0.970","","0.970",""
"Brier, validation","0.031","","0.032","","0.030","","0.032",""
