"variant","variable","mean","sd","q2.5","q97.5","true","covered","abs_err","rhat","ess_bulk","ess_tail"
"base","pi1",0.42217888434,0.164827531503983,0.270920455,0.7398090045,0.3,TRUE,0.12217888434,1.81376898797562,5.82220219934426,26.2235820661914
"base","mu[1]",-1.8405193037571,0.755529334981115,-2.4656707175,0.92193927875,-2,TRUE,0.1594806962429,1.23567973043394,12.6303895524681,50.9234940697745
"base","mu[2]",0.647667454057625,1.09657297690866,-1.943928945,1.6045365375,1.5,TRUE,0.852332545942375,1.44114136594546,8.13422209826992,28.4663242367359
"base","a[1,1]",0,0,0,0,0,TRUE,0,NA,NA,NA
"base","a[2,1]",0.19385091812671,0.135534386916929,-0.071173101,0.456912215,0.3,TRUE,0.10614908187329,1.03165367321508,865.532606873903,1027.91784506493
"base","a[3,1]",0.226230277431905,0.354780037428831,-0.56315790525,0.632467569,0.6,TRUE,0.373769722568095,1.54779736242011,7.02040786609339,29.3157325520956
"base","a[1,2]",0,0,0,0,0,TRUE,0,NA,NA,NA
"base","a[2,2]",0.0031333680321725,0.156571728331675,-0.320448715,0.29460123975,-0.1,TRUE,0.103133368032173,1.0723093657013,37.9677709032101,129.655196632269
"base","a[3,2]",-0.150608616583962,0.326142548706347,-0.61292455225,0.49991004075,-0.5,TRUE,0.349391383416037,1.5673789317919,6.92740419573052,34.890229602195
"base","tau_b[1]",0.580269109271,0.537004768269998,0.14680460875,1.95595263,NA,NA,NA,1.36658475721691,9.11941932720195,31.6032326205985
"base","tau_b[2]",0.43347463249525,0.38147835059823,0.13733154025,1.734617305,NA,NA,NA,1.09013929365471,34.1373147924431,42.2878254707761
"base","s_th",0.8613021491825,0.106079879317776,0.685289102,1.08833138,1,TRUE,0.1386978508175,1.46225683327078,7.7991474721234,30.9769070763391
"base","s_ph",0.8368958557875,0.0468916567216616,0.74308352725,0.929452081,0.8,TRUE,0.0368958557875,1.01531908781038,806.166471604401,2471.26950092824
"base","s_ps",0.5048093618375,0.0474038856747059,0.41280770225,0.5975759115,0.5,TRUE,0.00480936183750003,1.01287455250549,842.588912936309,1905.40564605027
"base","share_item",0.14951132099575,0.0319646128353712,0.09835559285,0.21917184425,0.193055107618421,TRUE,0.0435437866226713,1.46400889266018,7.78211562544117,30.5658123649327
"base","share_model",0.14048007482575,0.0150282305361982,0.111730552,0.170007723,0.12355526887579,TRUE,0.0169248059499603,1.09164188086742,30.2801607446485,961.450429619963
"base","share_prompt",0.05138464624525,0.00934932811636479,0.0343527979,0.070545629475,0.0482637769046053,TRUE,0.00312086934064466,1.04326743529499,83.0055934355492,1701.85002946977
"base","share_run",0.65862395798,0.0254037212269583,0.60391992275,0.7025791475,0.635125846601184,TRUE,0.0234981113788163,1.28398738991523,10.6699110081249,38.8075022114033
"base","lp__",-5268.177643825,48.5756545188737,-5363.39109,-5173.127395,NA,NA,NA,1.00809003482815,902.777000819611,1718.94779737148
"a","pi1",0.30847813292975,0.137389645071552,0.135411001,0.59957269575,0.3,TRUE,0.00847813292975003,2.66515142688494,4.70979436065404,24.8511211238918
"a","mu[1]",-1.51517823104605,0.684173026184122,-2.28130262,0.23980805275,-2,TRUE,0.48482176895395,1.61031095299343,6.69821148702433,23.9711959308846
"a","mu[2]",1.1527293444225,1.07378493088805,-1.618952555,2.50618441,1.5,TRUE,0.3472706555775,2.25711488607891,5.04917652426925,31.4361437685069
"a","a[1,1]",0,0,0,0,0,TRUE,0,NA,NA,NA
"a","a[2,1]",0.156275221239488,0.122611089487637,-0.10103397925,0.39346300825,0.3,TRUE,0.143724778760512,1.02123823679898,353.607251069703,161.480955927124
"a","a[3,1]",0.199819651066222,0.311917822457004,-0.50474313925,0.60460944975,0.6,TRUE,0.400180348933778,1.75663801860449,6.02983622699543,25.6841903929695
"a","a[1,2]",0,0,0,0,0,TRUE,0,NA,NA,NA
"a","a[2,2]",-0.00134890538409467,0.219909779318708,-0.4611387145,0.4079202105,-0.1,TRUE,0.0986510946159054,1.08819960908677,33.0045811414219,98.2825056309859
"a","a[3,2]",-0.232800241825392,0.515549372146384,-0.9645124475,0.78011766175,-0.5,TRUE,0.267199758174608,1.66430655019905,6.3940948176583,32.1801427935246
"a","tau_b[1]",0.35982466409325,0.267463824947825,0.118699748,1.25839076,NA,NA,NA,1.16772423813447,17.0563354925223,39.2796614662935
"a","tau_b[2]",0.6136810060925,0.415132161905323,0.196796991,1.69138126,NA,NA,NA,1.37069766213304,8.96440620116625,26.7106777804965
"a","s_th[1]",1.1727354260975,0.406295843542697,0.70156119425,2.07628149,1,TRUE,0.1727354260975,2.42508496228025,4.89620398849952,24.3488995635887
"a","s_th[2]",0.7989895680685,0.261429842734901,0.367661464,1.3959190425,1,TRUE,0.2010104319315,1.57734214588592,6.87144139626168,20.2099511324716
"a","s_ph",0.83171114571,0.0480285625176016,0.7407693155,0.92650479525,0.8,TRUE,0.03171114571,1.04614091828375,63.698520520296,1161.83498378069
"a","s_ps",0.49491396978,0.0499524176953797,0.3948221335,0.59051129825,0.5,TRUE,0.00508603021999998,1.08470797413806,31.6807893149338,291.024571491968
"a","share_item",0.2149715271825,0.0705982470735583,0.12791638325,0.37765468025,0.193055107618421,TRUE,0.0219164195640787,1.75889820886076,6.08887358830195,35.335917648898
"a","share_model",0.1287497674035,0.0182482960477692,0.091002102075,0.16095365675,0.12355526887579,TRUE,0.00519449852771033,1.33573879901619,9.59535617463904,30.9171006717201
"a","share_prompt",0.04595851502375,0.0101349600336648,0.026602732275,0.0666068096,0.0482637769046053,TRUE,0.00230526188085534,1.26368679108287,11.1515962103234,47.9323455486852
"a","share_run",0.610320190465,0.052798712918403,0.487409458,0.682841193,0.635125846601184,TRUE,0.0248056561361837,1.70366471675969,6.25620364525348,32.6842665352429
"a","lp__",-5241.952719575,53.6399564191547,-5348.391355,-5136.1861125,NA,NA,NA,1.09051391951874,31.4780076454076,1127.96667405687
"b","pi1",0.4130066589,0.150664701457803,0.2764459705,0.7054518245,0.3,TRUE,0.1130066589,1.61073238817824,6.61589673453265,27.3643327549074
"b","mu[1]",-1.61750581156475,1.10455965583905,-2.45571182,1.171175325,-2,TRUE,0.38249418843525,1.26645755621266,11.5262336202631,26.9978024662506
"b","mu[2]",0.915055699749925,0.878124898370543,-2.0032277075,1.653939065,1.5,TRUE,0.584944300250075,1.15605383323237,18.48933980159,38.0228315201135
"b","a[1,1]",0,0,0,0,0,TRUE,0,NA,NA,NA
"b","a[2,1]",0.159087089385794,0.152105672646888,-0.149196206,0.4460657895,0.3,TRUE,0.140912910614205,1.02738232350367,131.091531303472,543.982902992785
"b","a[3,1]",0.250705493729933,0.319762991284497,-0.4656659905,0.667551952,0.6,TRUE,0.349294506270067,1.531838944423,7.15255720184208,29.4982885852273
"b","a[1,2]",0,0,0,0,0,TRUE,0,NA,NA,NA
"b","a[2,2]",0.043397870698905,0.179723276151632,-0.33121344,0.378298586,-0.1,TRUE,0.143397870698905,1.04918460219075,54.6248314501521,1700.04441487371
"b","a[3,2]",-0.151020316646271,0.345335299187248,-0.65157978325,0.55571768025,-0.5,TRUE,0.348979683353729,1.53198596865012,7.15409401782676,28.2338457444244
"b","tau_b[1]",0.46440390503475,0.430033361414694,0.1407940265,1.840504815,NA,NA,NA,1.14502048821124,19.2969847002564,31.8522836221877
"b","tau_b[2]",0.56697171922975,0.556054408928296,0.13506234275,2.013310405,NA,NA,NA,1.26934883307314,11.7881444449863,33.5070436099184
"b","s_th",0,0,0,0,1,FALSE,1,NA,NA,NA
"b","s_ph",1.0596716920675,0.0461393661489634,0.97276635575,1.1555298275,0.8,FALSE,0.2596716920675,1.00366832021862,1406.8036312683,2670.03366911843
"b","s_ps",0.5679959734925,0.0450327475918476,0.4785276635,0.65398368475,0.5,TRUE,0.0679959734925,1.0021520516727,927.966083462283,2115.18186746338
"b","share_item",0,0,0,0,0.193055107618421,FALSE,0.193055107618421,NA,NA,NA
"b","share_model",0.2370756021275,0.0159939590301927,0.20707431525,0.27010807375,0.12355526887579,FALSE,0.11352033325171,1.00369589767785,1322.58847868789,2721.62150156297
"b","share_prompt",0.06842258884475,0.0101684199369841,0.049054236175,0.08883182535,0.0482637769046053,FALSE,0.0201588119401447,1.00219189186148,894.986656821546,2180.04617412157
"b","share_run",0.6945018091,0.0160209440443681,0.6621988765,0.72551516375,0.635125846601184,FALSE,0.0593759624988164,1.00329205146371,1417.16615257951,2395.61731308345
"b","lp__",-5103.544139725,48.020494991522,-5198.231065,-5010.77916,NA,NA,NA,1.01729720737238,656.26017243224,1288.45905408617
"c","pi1",0.309481420165,0.0398470052632418,0.2248464955,0.3774460725,0.3,TRUE,0.00948142016500003,1.44382305243758,7.81554460356861,23.2844503274688
"c","mu[1]",-2.02337879475,0.209681184549154,-2.421952625,-1.6148577475,-2,TRUE,0.0233787947500002,1.11424495823832,23.0255253538378,91.9171110374672
"c","mu[2]",1.22699586385775,0.28284561187692,0.7048214985,1.8102908825,1.5,TRUE,0.27300413614225,1.17746761275201,15.4245459687962,53.6138113337932
"c","a[1,1]",0,0,0,0,0,TRUE,0,NA,NA,NA
"c","a[2,1]",0.179305620218703,0.119789386705449,-0.054956249225,0.41628789025,0.3,TRUE,0.120694379781297,1.02896495546074,126.233345723325,2588.3223870949
"c","a[3,1]",0.43864809814275,0.118196215298892,0.21544835175,0.66952369875,0.6,TRUE,0.16135190185725,1.02876430047495,108.717313561783,2975.515766138
"c","a[1,2]",0,0,0,0,0,TRUE,0,NA,NA,NA
"c","a[2,2]",-0.00372118498101875,0.1737924814811,-0.3573912745,0.317012976,-0.1,TRUE,0.0962788150189813,1.08046068880161,31.1144912409702,261.33324960982
"c","a[3,2]",-0.431821237431675,0.16944397854483,-0.77662589575,-0.1067526405,-0.5,TRUE,0.068178762568325,1.06924660534743,37.7317371457077,90.1435705623553
"c","tau_b[1]",0.33116150400425,0.144259533470755,0.1465212705,0.702811557250001,NA,NA,NA,1.00876030957576,1603.38896425016,2607.95180826326
"c","tau_b[2]",0.3745751157685,0.162940151606635,0.15582736575,0.7692894865,NA,NA,NA,1.0551070132602,47.7830979753864,1614.48716167343
"c","s_th",0.93422859325,0.0909545764154489,0.76671454975,1.12445059,1,TRUE,0.06577140675,1.27341325520517,11.2252173542736,33.7217387181591
"c","s_ph",0.8320082548225,0.0473062417751296,0.739387687,0.930007443,0.8,TRUE,0.0320082548224999,1.01163860640079,1231.76011537391,2864.55423577637
"c","s_ps",0.4935145874975,0.0486467937256867,0.39586288325,0.58673693075,0.5,TRUE,0.00648541250250001,1.05151861781443,57.5392201378372,1544.44988597694
"c","share_item",0.171549512122,0.0280449305378312,0.12056586725,0.230340129,0.193055107618421,TRUE,0.0215055954964213,1.27802167695077,11.0576106380026,30.8192402467141
"c","share_model",0.13582252912,0.0141318789006105,0.10875979625,0.164701786,0.12355526887579,TRUE,0.0122672602442103,1.0290236584057,161.78793640262,2711.54665705941
"c","share_prompt",0.048108894766,0.00916764848065388,0.030912771025,0.067044702625,0.0482637769046053,TRUE,0.000154882138605338,1.08668109536961,30.0662711755828,180.047782845255
"c","share_run",0.644519063955,0.0236471434177408,0.59656381525,0.6883402385,0.635125846601184,TRUE,0.00939321735381637,1.16432654442506,17.146422691617,76.024967978092
"c","lp__",-5260.18133515,50.9666865154685,-5361.6454525,-5161.022685,NA,NA,NA,1.01382593559467,675.380178315595,1547.32550408204
"d","pi1",0.422863621325,0.171135160114078,0.27065711075,0.75108571575,0.3,TRUE,0.122863621325,1.63874242451273,6.47593380268352,18.6239352514702
"d","mu[1]",-1.6477721352228,1.02921979928934,-2.45097931,1.25397586,-2,TRUE,0.352227864777197,1.26125093117415,12.0676458547009,43.0473742816007
"d","mu[2]",0.824952885085925,0.932791862571515,-1.8744388325,1.6672957175,1.5,TRUE,0.675047114914075,1.19829647100971,19.1875775543125,38.5848593244199
"d","a[1,1]",0,0,0,0,0,TRUE,0,NA,NA,NA
"d","a[2,1]",0.14617272011755,0.150232425872137,-0.190615393,0.411355098,0.3,TRUE,0.15382727988245,1.14020743472957,18.7876693079802,37.3093618352935
"d","a[3,1]",0.220068047303575,0.384122098706004,-0.60248494225,0.642273247,0.6,TRUE,0.379931952696425,1.54706286628432,7.06905780617887,27.5651126013387
"d","a[1,2]",0,0,0,0,0,TRUE,0,NA,NA,NA
"d","a[2,2]",0.0342817185628862,0.17156751373694,-0.30975723,0.3477198995,-0.1,TRUE,0.134281718562886,1.18002335476001,15.0991380980463,294.369571373202
"d","a[3,2]",-0.176402429325529,0.357295106927901,-0.661394266,0.523576484,-0.5,TRUE,0.323597570674471,1.57205181709333,6.88274279984809,24.4646741461264
"d","tau_b[1]",0.52553106546025,0.493912021530891,0.149369127,1.9549007775,NA,NA,NA,1.28140321193118,11.1521764955631,32.0434533072229
"d","tau_b[2]",0.54530055370425,0.489646728470621,0.15251019825,1.9440854625,NA,NA,NA,1.20249105534332,15.7152078109602,36.8605401836652
"d","s_th",0.85918642572,0.0847007561551412,0.7014340225,1.0286016675,1,TRUE,0.14081357428,1.2165970163682,13.5407684604774,75.7191605996462
"d","s_ph",0.83475074675,0.0461355891907233,0.746559448,0.928635972,0.8,TRUE,0.03475074675,1.00933491697084,925.304927959289,2710.40437021189
"d","s_ps",0.49698857019,0.0481871843771531,0.4021435335,0.590094553,0.5,TRUE,0.00301142981000002,1.04729457761619,60.443272082442,417.097763654094
"d","share_item",0.14896511236575,0.025507348364854,0.10284700375,0.20183118175,0.193055107618421,TRUE,0.0440899952526713,1.22186010635395,13.2761621603984,64.699419287023
"d","share_model",0.1401964286185,0.0143044841813504,0.11343097225,0.1693207055,0.12355526887579,TRUE,0.0166411597427103,1.03113764465976,132.880560893657,2391.78424376972
"d","share_prompt",0.05000501420925,0.00930491652514551,0.03248368945,0.068794109825,0.0482637769046053,TRUE,0.00174123730464466,1.0689258550343,39.316226823454,172.280424511012
"d","share_run",0.6608334449125,0.0211233195531034,0.616689257,0.7000557865,0.635125846601184,TRUE,0.0257075983113163,1.10658752354575,25.3138196225621,178.648145563843
"d","lp__",-5270.6721946,49.7575100549791,-5365.65032,-5173.5133925,NA,NA,NA,1.00307093215936,952.599760384388,1563.94566743686
"e","pi1",0.32274918705,0.0333361285259757,0.2598333105,0.38844346825,0.3,TRUE,0.02274918705,1.20174100314048,13.4400888951916,78.8911664338205
"e","mu[1]",-2.078063136575,0.185722381577941,-2.4456043825,-1.7082618125,-2,TRUE,0.078063136575,1.0434693385243,68.633279872774,2362.42506570414
"e","mu[2]",1.20170289001,0.238444617408371,0.73836823425,1.6752110575,1.5,TRUE,0.29829710999,1.10395319720741,25.3211561943402,494.328041883536
"e","a[1,1]",0,0,0,0,0,TRUE,0,NA,NA,NA
"e","a[2,1]",0.178159813077825,0.122784237392186,-0.069076644175,0.411155156,0.3,TRUE,0.121840186922175,1.00470226703242,1394.38992200774,3243.09019716736
"e","a[3,1]",0.439283427428,0.118887710456499,0.20814198625,0.671849021,0.6,TRUE,0.160716572572,1.00684543975566,2027.55376136413,3028.8394866695
"e","a[1,2]",0,0,0,0,0,TRUE,0,NA,NA,NA
"e","a[2,2]",0.0133441270982845,0.158083318159791,-0.2968239065,0.32933187325,-0.1,TRUE,0.113344127098285,1.0122031196334,510.422357900452,2463.1239903133
"e","a[3,2]",-0.387357168211083,0.164221028473134,-0.71029337075,-0.057163867775,-0.5,TRUE,0.112642831788917,1.06522396399679,39.1734200134179,1041.85476504933
"e","tau_b[1]",0.31511245369425,0.135167986576261,0.137307012,0.66283654075,NA,NA,NA,1.00342491593004,2186.53388712556,2976.44456134433
"e","tau_b[2]",0.33425631897625,0.152112931651655,0.1358729965,0.7131258635,NA,NA,NA,1.02616780613616,152.373327476503,2342.49154301216
"e","s_th",0.830965796315,0.0850580782695437,0.67041665925,0.9967285825,1,FALSE,0.169034203685,1.18393195092823,14.9794041599137,165.068081594841
"e","s_ph",0.833293406025,0.0462733413777219,0.747377631,0.927109771,0.8,TRUE,0.033293406025,1.00589803707909,1513.55710170844,2520.98562911711
"e","s_ps",0.50840707605,0.0456775394333432,0.4160718045,0.59497307575,0.5,TRUE,0.00840707605000002,1.01305801646426,921.13840365311,2146.36740596534
"e","share_item",0.140497064068,0.0249232933459344,0.09492129755,0.190569559,0.193055107618421,FALSE,0.0525580435504213,1.18079881332175,15.2955765697092,156.937282238941
"e","share_model",0.14079610466475,0.0142985243911109,0.11464215425,0.17071795425,0.12355526887579,TRUE,0.0172408357889603,1.02048377084097,325.913246911591,2132.21822546997
"e","share_prompt",0.05265221088225,0.00893962319512789,0.035596778425,0.070587958125,0.0482637769046053,TRUE,0.00438843397764466,1.01992187447298,458.247563996095,2206.56855921005
"e","share_run",0.6660546204675,0.0218372605458751,0.6219677065,0.7059938085,0.635125846601184,TRUE,0.0309287738663163,1.11823986306248,21.8268777088709,200.244532405277
"e","lp__",-5267.023100925,49.872978905644,-5363.1630775,-5168.5809675,NA,NA,NA,1.00700131936323,796.990560818378,1695.07715443336
