"","1","2","3","4"
"pi1",0.326,0.3543,0.7019,0.3065
"mu[1]",-2.0963,-2.1675,-1.0818,-2.0165
"mu[2]",1.2178,1.022,-0.9112,1.2622
"s_th",0.7927,0.8092,0.9875,0.8558
"s_ph",0.8388,0.8434,0.8239,0.8415
"s_ps",0.5051,0.5131,0.4945,0.5066
"a[1,1]",0,0,0,0
"a[2,1]",0.2186,0.1791,0.1895,0.1882
"a[3,1]",0.4261,0.4324,-0.3436,0.39
"a[1,2]",0,0,0,0
"a[2,2]",-0.0637,0.0304,0.0665,-0.0206
"a[3,2]",-0.3408,-0.2706,0.3528,-0.3438
"tau_b[1]",0.3216,0.3338,1.3366,0.3291
"tau_b[2]",0.322,0.3023,0.7645,0.3451
"lp__",-5270.481,-5266.1712,-5274.9456,-5261.1128
