"variable","mean","sd","q2.5","q97.5","rhat","ess_bulk","ess_tail","true"
"pi1",0.42217888434,0.164827531503983,0.270920455,0.7398090045,1.81376898797562,5.82220219934426,26.2235820661914,0.3
"mu[1]",-1.8405193037571,0.755529334981115,-2.4656707175,0.92193927875,1.23567973043394,12.6303895524681,50.9234940697745,-2
"mu[2]",0.647667454057625,1.09657297690866,-1.943928945,1.6045365375,1.44114136594546,8.13422209826992,28.4663242367359,1.5
"a[1,1]",0,0,0,0,NA,NA,NA,0
"a[2,1]",0.19385091812671,0.135534386916929,-0.071173101,0.456912215,1.03165367321508,865.532606873903,1027.91784506493,0.3
"a[3,1]",0.226230277431905,0.354780037428831,-0.56315790525,0.632467569,1.54779736242011,7.02040786609339,29.3157325520956,0.6
"a[1,2]",0,0,0,0,NA,NA,NA,0
"a[2,2]",0.0031333680321725,0.156571728331675,-0.320448715,0.29460123975,1.0723093657013,37.9677709032101,129.655196632269,-0.1
"a[3,2]",-0.150608616583962,0.326142548706347,-0.61292455225,0.49991004075,1.5673789317919,6.92740419573052,34.890229602195,-0.5
"tau_b[1]",0.580269109271,0.537004768269998,0.14680460875,1.95595263,1.36658475721691,9.11941932720195,31.6032326205985,0.4
"tau_b[2]",0.43347463249525,0.38147835059823,0.13733154025,1.734617305,1.09013929365471,34.1373147924431,42.2878254707761,0.4
"s_th",0.8613021491825,0.106079879317776,0.685289102,1.08833138,1.46225683327078,7.7991474721234,30.9769070763391,1
"s_ph",0.8368958557875,0.0468916567216616,0.74308352725,0.929452081,1.01531908781038,806.166471604401,2471.26950092824,0.8
"s_ps",0.5048093618375,0.0474038856747059,0.41280770225,0.5975759115,1.01287455250549,842.588912936309,1905.40564605027,0.5
"share_item",0.14951132099575,0.0319646128353712,0.09835559285,0.21917184425,1.46400889266018,7.78211562544117,30.5658123649327,0.193055107618421
"share_model",0.14048007482575,0.0150282305361982,0.111730552,0.170007723,1.09164188086742,30.2801607446485,961.450429619963,0.12355526887579
"share_prompt",0.05138464624525,0.00934932811636479,0.0343527979,0.070545629475,1.04326743529499,83.0055934355492,1701.85002946977,0.0482637769046053
"share_run",0.65862395798,0.0254037212269583,0.60391992275,0.7025791475,1.28398738991523,10.6699110081249,38.8075022114033,0.635125846601184
"lp__",-5268.177643825,48.5756545188737,-5363.39109,-5173.127395,1.00809003482815,902.777000819611,1718.94779737148,NA
